[{"model": "reviews.user", "pk": 1, "fields": {"password": "pbkdf2_sha256$150000$yCb0iij5vaHI$cO3DnYjHDxHHStDzxcertLEuYPVh168gBq0tQlaDlhU=", "last_login": null, "is_superuser": true, "first_name": "", "last_name": "", "is_staff": true, "is_active": true, "date_joined": "2022-07-19T09:20:05.508Z", "role": "user", "username": "admin", "email": "admin@admin.com", "bio": null, "groups": [], "user_permissions": []}}, {"model": "reviews.user", "pk": 100, "fields": {"password": "", "last_login": null, "is_superuser": false, "first_name": "", "last_name": "", "is_staff": false, "is_active": true, "date_joined": "2022-07-19T09:19:45.328Z", "role": "user", "username": "bingobongo", "email": "bingobongo@yamdb.fake", "bio": "", "groups": [], "user_permissions": []}}, {"model": "reviews.user", "pk": 101, "fields": {"password": "", "last_login": null, "is_superuser": false, "first_name": "", "last_name": "", "is_staff": false, "is_active": true, "date_joined": "2022-07-19T09:19:45.334Z", "role": "admin", "username": "capt_obvious", "email": "capt_obvious@yamdb.fake", "bio": "", "groups": [], "user_permissions": []}}, {"model": "reviews.user", "pk": 102, "fields": {"password": "", "last_login": null, "is_superuser": false, "first_name": "", "last_name": "", "is_staff": false, "is_active": true, "date_joined": "2022-07-19T09:19:45.337Z", "role": "user", "username": "faust", "email": "faust@yamdb.fake", "bio": "", "groups": [], "user_permissions": []}}, {"model": "reviews.user", "pk": 103, "fields": {"password": "", "last_login": null, "is_superuser": false, "first_name": "", "last_name": "", "is_staff": false, "is_active": true, "date_joined": "2022-07-19T09:19:45.339Z", "role": "user", "username": "reviewer", "email": "reviewer@yamdb.fake", "bio": "", "groups": [], "user_permissions": []}}, {"model": "reviews.user", "pk": 104, "fields": {"password": "", "last_login": null, "is_superuser": false, "first_name": "", "last_name": "", "is_staff": false, "is_active": true, "date_joined": "2022-07-19T09:19:45.341Z", "role": "moderator", "username": "angry", "email": "angry@yamdb.fake", "bio": "", "groups": [], "user_permissions": []}}, {"model": "reviews.category", "pk": 1, "fields": {"name": "\u0424\u0438\u043b\u044c\u043c", "slug": "movie"}}, {"model": "reviews.category", "pk": 2, "fields": {"name": "\u041a\u043d\u0438\u0433\u0430", "slug": "book"}}, {"model": "reviews.category", "pk": 3, "fields": {"name": "\u041c\u0443\u0437\u044b\u043a\u0430", "slug": "music"}}, {"model": "reviews.genre", "pk": 1, "fields": {"name": "\u0414\u0440\u0430\u043c\u0430", "slug": "drama"}}, {"model": "reviews.genre", "pk": 2, "fields": {"name": "\u041a\u043e\u043c\u0435\u0434\u0438\u044f", "slug": "comedy"}}, {"model": "reviews.genre", "pk": 3, "fields": {"name": "\u0412\u0435\u0441\u0442\u0435\u0440\u043d", "slug": "western"}}, {"model": "reviews.genre", "pk": 4, "fields": {"name": "\u0424\u044d\u043d\u0442\u0435\u0437\u0438", "slug": "fantasy"}}, {"model": "reviews.genre", "pk": 5, "fields": {"name": "\u0424\u0430\u043d\u0442\u0430\u0441\u0442\u0438\u043a\u0430", "slug": "sci-fi"}}, {"model": "reviews.genre", "pk": 6, "fields": {"name": "\u0414\u0435\u0442\u0435\u043a\u0442\u0438\u0432", "slug": "detective"}}, {"model": "reviews.genre", "pk": 7, "fields": {"name": "\u0422\u0440\u0438\u043b\u043b\u0435\u0440", "slug": "thriller"}}, {"model": "reviews.genre", "pk": 8, "fields": {"name": "\u0421\u043a\u0430\u0437\u043a\u0430", "slug": "tale"}}, {"model": "reviews.genre", "pk": 9, "fields": {"name": "\u0413\u043e\u043d\u0437\u043e", "slug": "gonzo"}}, {"model": "reviews.genre", "pk": 10, "fields": {"name": "\u0420\u043e\u043c\u0430\u043d", "slug": "roman"}}, {"model": "reviews.genre", "pk": 11, "fields": {"name": "\u0411\u0430\u043b\u043b\u0430\u0434\u0430", "slug": "ballad"}}, {"model": "reviews.genre", "pk": 12, "fields": {"name": "Rock-n-roll", "slug": "rock-n-roll"}}, {"model": "reviews.genre", "pk": 13, "fields": {"name": "\u041a\u043b\u0430\u0441\u0441\u0438\u043a\u0430", "slug": "classical"}}, {"model": "reviews.genre", "pk": 14, "fields": {"name": "\u0420\u043e\u043a", "slug": "rock"}}, {"model": "reviews.genre", "pk": 15, "fields": {"name": "\u0428\u0430\u043d\u0441\u043e\u043d", "slug": "chanson"}}, {"model": "reviews.title", "pk": 1, "fields": {"name": "\u041f\u043e\u0431\u0435\u0433 \u0438\u0437 \u0428\u043e\u0443\u0448\u0435\u043d\u043a\u0430", "year": 1994, "rating": null, "description": null, "category": 1}}, {"model": "reviews.title", "pk": 2, "fields": {"name": "\u041a\u0440\u0435\u0441\u0442\u043d\u044b\u0439 \u043e\u0442\u0435\u0446", "year": 1972, "rating": null, "description": null, "category": 1}}, {"model": "reviews.title", "pk": 3, "fields": {"name": "12 \u0440\u0430\u0437\u0433\u043d\u0435\u0432\u0430\u043d\u043d\u044b\u0445 \u043c\u0443\u0436\u0447\u0438\u043d", "year": 1957, "rating": null, "description": null, "category": 1}}, {"model": "reviews.title", "pk": 4, "fields": {"name": "\u0421\u043f\u0438\u0441\u043e\u043a \u0428\u0438\u043d\u0434\u043b\u0435\u0440\u0430", "year": 1993, "rating": null, "description": null, "category": 1}}, {"model": "reviews.title", "pk": 5, "fields": {"name": "\u041a\u0440\u0438\u043c\u0438\u043d\u0430\u043b\u044c\u043d\u043e\u0435 \u0447\u0442\u0438\u0432\u043e", "year": 1994, "rating": null, "description": null, "category": 1}}, {"model": "reviews.title", "pk": 6, "fields": {"name": "\u0425\u043e\u0440\u043e\u0448\u0438\u0439, \u043f\u043b\u043e\u0445\u043e\u0439, \u0437\u043b\u043e\u0439", "year": 1966, "rating": null, "description": null, "category": 1}}, {"model": "reviews.title", "pk": 7, "fields": {"name": "\u0412\u043b\u0430\u0441\u0442\u0435\u043b\u0438\u043d \u043a\u043e\u043b\u0435\u0446: \u0411\u0440\u0430\u0442\u0441\u0442\u0432\u043e \u043a\u043e\u043b\u044c\u0446\u0430", "year": 2001, "rating": null, "description": null, "category": 1}}, {"model": "reviews.title", "pk": 8, "fields": {"name": "\u0411\u043e\u0439\u0446\u043e\u0432\u0441\u043a\u0438\u0439 \u043a\u043b\u0443\u0431", "year": 1999, "rating": null, "description": null, "category": 1}}, {"model": "reviews.title", "pk": 9, "fields": {"name": "\u0424\u043e\u0440\u0440\u0435\u0441\u0442 \u0413\u0430\u043c\u043f", "year": 1994, "rating": null, "description": null, "category": 1}}, {"model": "reviews.title", "pk": 10, "fields": {"name": "\u0417\u0432\u0451\u0437\u0434\u043d\u044b\u0435 \u0432\u043e\u0439\u043d\u044b. \u042d\u043f\u0438\u0437\u043e\u0434 5: \u0418\u043c\u043f\u0435\u0440\u0438\u044f \u043d\u0430\u043d\u043e\u0441\u0438\u0442 \u043e\u0442\u0432\u0435\u0442\u043d\u044b\u0439 \u0443\u0434\u0430\u0440", "year": 1980, "rating": null, "description": null, "category": 1}}, {"model": "reviews.title", "pk": 11, "fields": {"name": "\u0412\u043b\u0430\u0441\u0442\u0435\u043b\u0438\u043d \u043a\u043e\u043b\u0435\u0446: \u0414\u0432\u0435 \u043a\u0440\u0435\u043f\u043e\u0441\u0442\u0438", "year": 2002, "rating": null, "description": null, "category": 1}}, {"model": "reviews.title", "pk": 12, "fields": {"name": "\u041c\u0430\u0442\u0440\u0438\u0446\u0430", "year": 1999, "rating": null, "description": null, "category": 1}}, {"model": "reviews.title", "pk": 13, "fields": {"name": "\u041f\u0440\u043e\u043b\u0435\u0442\u0430\u044f \u043d\u0430\u0434 \u0433\u043d\u0435\u0437\u0434\u043e\u043c \u043a\u0443\u043a\u0443\u0448\u043a\u0438", "year": 1975, "rating": null, "description": null, "category": 1}}, {"model": "reviews.title", "pk": 14, "fields": {"name": "\u041d\u0430\u0437\u0430\u0434 \u0432 \u0431\u0443\u0434\u0443\u0449\u0435\u0435", "year": 1985, "rating": null, "description": null, "category": 1}}, {"model": "reviews.title", "pk": 15, "fields": {"name": "\u041e\u043f\u0435\u0440\u0430\u0446\u0438\u044f \u00ab\u042b\u00bb \u0438 \u0434\u0440\u0443\u0433\u0438\u0435 \u043f\u0440\u0438\u043a\u043b\u044e\u0447\u0435\u043d\u0438\u044f \u0428\u0443\u0440\u0438\u043a\u0430", "year": 1965, "rating": null, "description": null, "category": 1}}, {"model": "reviews.title", "pk": 16, "fields": {"name": "\u041a\u0430\u0440\u0442\u044b, \u0434\u0435\u043d\u044c\u0433\u0438, \u0434\u0432\u0430 \u0441\u0442\u0432\u043e\u043b\u0430", "year": 1998, "rating": null, "description": null, "category": 1}}, {"model": "reviews.title", "pk": 17, "fields": {"name": "\u0414\u0436\u0435\u043d\u0442\u043b\u044c\u043c\u0435\u043d\u044b \u0443\u0434\u0430\u0447\u0438 ", "year": 1971, "rating": null, "description": null, "category": 1}}, {"model": "reviews.title", "pk": 18, "fields": {"name": "\u0414\u0436\u0430\u043d\u0433\u043e \u043e\u0441\u0432\u043e\u0431\u043e\u0436\u0434\u0435\u043d\u043d\u044b\u0439", "year": 2012, "rating": null, "description": null, "category": 1}}, {"model": "reviews.title", "pk": 19, "fields": {"name": "Generation \u041f", "year": 2011, "rating": null, "description": null, "category": 1}}, {"model": "reviews.title", "pk": 20, "fields": {"name": "\u041a\u043e\u043b\u043e\u0431\u043e\u043a", "year": 1873, "rating": null, "description": null, "category": 2}}, {"model": "reviews.title", "pk": 21, "fields": {"name": "\u0421\u0442\u0440\u0430\u0445 \u0438 \u043d\u0435\u043d\u0430\u0432\u0438\u0441\u0442\u044c \u0432 \u041b\u0430\u0441-\u0412\u0435\u0433\u0430\u0441\u0435", "year": 1971, "rating": null, "description": null, "category": 2}}, {"model": "reviews.title", "pk": 22, "fields": {"name": "\u0412\u043e\u0439\u043d\u0430 \u0438 \u043c\u0438\u0440", "year": 1865, "rating": null, "description": null, "category": 2}}, {"model": "reviews.title", "pk": 23, "fields": {"name": "\u0423\u043b\u0438\u0441\u0441", "year": 1918, "rating": null, "description": null, "category": 2}}, {"model": "reviews.title", "pk": 24, "fields": {"name": "Generation \u041f", "year": 1999, "rating": null, "description": null, "category": 2}}, {"model": "reviews.title", "pk": 25, "fields": {"name": "\u0412\u0438\u043d\u043d\u0438 \u041f\u0443\u0445 \u0438 \u0432\u0441\u0435-\u0432\u0441\u0435-\u0432\u0441\u0435", "year": 1926, "rating": null, "description": null, "category": 2}}, {"model": "reviews.title", "pk": 26, "fields": {"name": "\u0421\u0442\u0430\u0441 \u041c\u0438\u0445\u0430\u0439\u043b\u043e\u0432 - \u041f\u043e\u0437\u044b\u0432\u043d\u044b\u0435 \u043d\u0430 \u043b\u044e\u0431\u043e\u0432\u044c", "year": 2004, "rating": null, "description": null, "category": 3}}, {"model": "reviews.title", "pk": 27, "fields": {"name": "Led Zeppelin \u2014 Stairway to Heaven", "year": 1971, "rating": null, "description": null, "category": 3}}, {"model": "reviews.title", "pk": 28, "fields": {"name": "Jethro Tull - Aqualung", "year": 1971, "rating": null, "description": null, "category": 3}}, {"model": "reviews.title", "pk": 29, "fields": {"name": "Elvis Presley - Blue Suede Shoes", "year": 1955, "rating": null, "description": null, "category": 3}}, {"model": "reviews.title", "pk": 30, "fields": {"name": "Deep Purple \u2014 Smoke on the Water", "year": 1971, "rating": null, "description": null, "category": 3}}, {"model": "reviews.title", "pk": 31, "fields": {"name": "\u041c\u043e\u0446\u0430\u0440\u0442 - \u0422\u0443\u0440\u0435\u0446\u043a\u0438\u0439 \u043c\u0430\u0440\u0448", "year": 1784, "rating": null, "description": null, "category": 3}}, {"model": "reviews.title", "pk": 32, "fields": {"name": "\u0411\u0430\u0445. \u041e\u0440\u043a\u0435\u0441\u0442\u0440\u043e\u0432\u0430\u044f \u0421\u044e\u0438\u0442\u0430 \u21162 \u0441\u0438 \u043c\u0438\u043d\u043e\u0440", "year": 1739, "rating": null, "description": null, "category": 3}}, {"model": "reviews.genretitle", "pk": 1, "fields": {"genre": 1, "title": 1}}, {"model": "reviews.genretitle", "pk": 2, "fields": {"genre": 1, "title": 2}}, {"model": "reviews.genretitle", "pk": 3, "fields": {"genre": 1, "title": 3}}, {"model": "reviews.genretitle", "pk": 4, "fields": {"genre": 1, "title": 4}}, {"model": "reviews.genretitle", "pk": 5, "fields": {"genre": 2, "title": 5}}, {"model": "reviews.genretitle", "pk": 6, "fields": {"genre": 6, "title": 5}}, {"model": "reviews.genretitle", "pk": 7, "fields": {"genre": 7, "title": 5}}, {"model": "reviews.genretitle", "pk": 8, "fields": {"genre": 3, "title": 6}}, {"model": "reviews.genretitle", "pk": 9, "fields": {"genre": 4, "title": 7}}, {"model": "reviews.genretitle", "pk": 10, "fields": {"genre": 7, "title": 8}}, {"model": "reviews.genretitle", "pk": 11, "fields": {"genre": 1, "title": 9}}, {"model": "reviews.genretitle", "pk": 12, "fields": {"genre": 2, "title": 9}}, {"model": "reviews.genretitle", "pk": 13, "fields": {"genre": 4, "title": 10}}, {"model": "reviews.genretitle", "pk": 14, "fields": {"genre": 4, "title": 11}}, {"model": "reviews.genretitle", "pk": 15, "fields": {"genre": 1, "title": 12}}, {"model": "reviews.genretitle", "pk": 16, "fields": {"genre": 5, "title": 12}}, {"model": "reviews.genretitle", "pk": 17, "fields": {"genre": 6, "title": 12}}, {"model": "reviews.genretitle", "pk": 18, "fields": {"genre": 8, "title": 12}}, {"model": "reviews.genretitle", "pk": 19, "fields": {"genre": 1, "title": 13}}, {"model": "reviews.genretitle", "pk": 20, "fields": {"genre": 5, "title": 14}}, {"model": "reviews.genretitle", "pk": 21, "fields": {"genre": 2, "title": 15}}, {"model": "reviews.genretitle", "pk": 22, "fields": {"genre": 6, "title": 15}}, {"model": "reviews.genretitle", "pk": 23, "fields": {"genre": 8, "title": 15}}, {"model": "reviews.genretitle", "pk": 24, "fields": {"genre": 2, "title": 16}}, {"model": "reviews.genretitle", "pk": 25, "fields": {"genre": 2, "title": 17}}, {"model": "reviews.genretitle", "pk": 26, "fields": {"genre": 1, "title": 18}}, {"model": "reviews.genretitle", "pk": 27, "fields": {"genre": 1, "title": 19}}, {"model": "reviews.genretitle", "pk": 28, "fields": {"genre": 7, "title": 20}}, {"model": "reviews.genretitle", "pk": 29, "fields": {"genre": 8, "title": 20}}, {"model": "reviews.genretitle", "pk": 30, "fields": {"genre": 9, "title": 21}}, {"model": "reviews.genretitle", "pk": 31, "fields": {"genre": 10, "title": 22}}, {"model": "reviews.genretitle", "pk": 32, "fields": {"genre": 10, "title": 23}}, {"model": "reviews.genretitle", "pk": 33, "fields": {"genre": 10, "title": 24}}, {"model": "reviews.genretitle", "pk": 34, "fields": {"genre": 8, "title": 25}}, {"model": "reviews.genretitle", "pk": 35, "fields": {"genre": 15, "title": 26}}, {"model": "reviews.genretitle", "pk": 36, "fields": {"genre": 11, "title": 27}}, {"model": "reviews.genretitle", "pk": 37, "fields": {"genre": 14, "title": 27}}, {"model": "reviews.genretitle", "pk": 38, "fields": {"genre": 11, "title": 28}}, {"model": "reviews.genretitle", "pk": 39, "fields": {"genre": 12, "title": 29}}, {"model": "reviews.genretitle", "pk": 40, "fields": {"genre": 14, "title": 30}}, {"model": "reviews.genretitle", "pk": 41, "fields": {"genre": 13, "title": 31}}, {"model": "reviews.genretitle", "pk": 42, "fields": {"genre": 13, "title": 32}}, {"model": "reviews.review", "pk": 1, "fields": {"title": 1, "author": 100, "pub_date": "2022-07-19T09:19:45.569Z", "text": "\u0421\u0442\u0430\u0432\u043b\u044e \u0434\u0435\u0441\u044f\u0442\u044c \u0437\u0432\u0451\u0437\u0434!\n...\u042d\u0442\u0438 \u0433\u043e\u043b\u043e\u0441\u0430 \u0431\u044b\u043b\u0438 \u0447\u0438\u0449\u0435 \u0438 \u0441\u0432\u0435\u0442\u043b\u0435\u0435 \u0442\u0435\u0445, \u043e \u043a\u043e\u0442\u043e\u0440\u044b\u0445 \u043c\u0435\u0447\u0442\u0430\u043b\u0438 \u0432 \u044d\u0442\u043e\u043c \u0441\u0435\u0440\u043e\u043c, \u0443\u0431\u043e\u0433\u043e\u043c \u043c\u0435\u0441\u0442\u0435. \u041a\u0430\u043a \u0431\u0443\u0434\u0442\u043e \u0434\u0432\u0435 \u043f\u0442\u0438\u0447\u043a\u0438 \u0432\u043b\u0435\u0442\u0435\u043b\u0438 \u0438 \u0441\u0432\u043e\u0438\u043c\u0438 \u0433\u043e\u043b\u043e\u0441\u0430\u043c\u0438 \u0440\u0430\u0437\u0432\u0435\u044f\u043b\u0438 \u0441\u0442\u0435\u043d\u044b \u043d\u0430\u0448\u0438\u0445 \u043a\u043b\u0435\u0442\u043e\u043a, \u0438 \u043d\u0430 \u043a\u043e\u0440\u043e\u0442\u043a\u0438\u0439 \u043c\u0438\u0433 \u043a\u0430\u0436\u0434\u044b\u0439 \u0447\u0435\u043b\u043e\u0432\u0435\u043a \u0432 \u0428\u043e\u0443\u0448\u0435\u043d\u043a\u0435 \u043f\u043e\u0447\u0443\u0432\u0441\u0442\u0432\u043e\u0432\u0430\u043b \u0441\u0435\u0431\u044f \u0441\u0432\u043e\u0431\u043e\u0434\u043d\u044b\u043c.", "score": 10}}, {"model": "reviews.review", "pk": 2, "fields": {"title": 1, "author": 101, "pub_date": "2022-07-19T09:19:45.572Z", "text": "\u041d\u0435 \u043f\u0440\u0438\u0432\u044b\u043a\u0430\u0439\n\u00ab\u042d\u0442\u0438 \u0441\u0442\u0435\u043d\u044b \u0438\u043c\u0435\u044e\u0442 \u043e\u0434\u043d\u043e \u0441\u0432\u043e\u0439\u0441\u0442\u0432\u043e: \u0441\u043d\u0430\u0447\u0430\u043b\u0430 \u0442\u044b \u0438\u0445 \u043d\u0435\u043d\u0430\u0432\u0438\u0434\u0438\u0448\u044c, \u043f\u043e\u0442\u043e\u043c \u043f\u0440\u0438\u0432\u044b\u043a\u0430\u0435\u0448\u044c, \u0430 \u043f\u043e\u0442\u043e\u043c \u043d\u0435 \u043c\u043e\u0436\u0435\u0448\u044c \u0431\u0435\u0437 \u043d\u0438\u0445 \u0436\u0438\u0442\u044c\u00bb", "score": 10}}, {"model": "reviews.review", "pk": 3, "fields": {"title": 2, "author": 102, "pub_date": "2022-07-19T09:19:45.578Z", "text": "\u0424\u0438\u043b\u044c\u043c, \u0440\u0430\u0437\u043e\u0431\u0440\u0430\u043d\u043d\u044b\u0439 \u043d\u0430 \u0446\u0438\u0442\u0430\u0442\u044b, \u0434\u043e\u0441\u0442\u043e\u0438\u043d \u0432\u044b\u0441\u0448\u0435\u0439 \u043e\u0446\u0435\u043d\u043a\u0438. \u0414\u0435\u0441\u044f\u0442\u044c \u0441 \u043f\u043b\u044e\u0441\u043e\u043c (\u0436\u0430\u043b\u044c, \u0442\u0443\u0442 \u043f\u043b\u044e\u0441\u0430 \u043d\u0435\u0442)\n\"\u0422\u044b \u043f\u0440\u0438\u0448\u0435\u043b \u0438 \u0433\u043e\u0432\u043e\u0440\u0438\u0448\u044c: \"\u0414\u043e\u043d \u041a\u043e\u0440\u043b\u0435\u043e\u043d\u0435, \u043c\u043d\u0435 \u043d\u0443\u0436\u043d\u0430 \u0441\u043f\u0440\u0430\u0432\u0435\u0434\u043b\u0438\u0432\u043e\u0441\u0442\u044c\". \u041d\u043e \u0442\u044b \u043f\u0440\u043e\u0441\u0438\u0448\u044c \u0431\u0435\u0437 \u0443\u0432\u0430\u0436\u0435\u043d\u0438\u044f, \u0442\u044b \u043d\u0435 \u043f\u0440\u0435\u0434\u043b\u0430\u0433\u0430\u0435\u0448\u044c \u0434\u0440\u0443\u0436\u0431\u0443, \u0442\u044b \u0434\u0430\u0436\u0435 \u043d\u0435 \u043d\u0430\u0437\u0432\u0430\u043b \u043c\u0435\u043d\u044f \u041a\u0440\u0435\u0441\u0442\u043d\u044b\u043c \u041e\u0442\u0446\u043e\u043c.\"", "score": 10}}, {"model": "reviews.review", "pk": 4, "fields": {"title": 2, "author": 103, "pub_date": "2022-07-19T09:19:45.581Z", "text": "\u0416\u0435\u0441\u0442\u043e\u043a\u0438\u0439, \u0436\u0435\u0441\u0442\u043e\u043a\u0438\u0439, \u0436\u0435\u0441\u0442\u043e\u043a\u0438\u0439 \u043c\u0438\u0440, \u043d\u0435 \u043e \u0442\u0430\u043a\u043e\u043c \u043c\u0435\u0447\u0442\u0430\u043b\u0438 \u043c\u044b \u0432 \u0434\u0435\u0442\u0441\u0442\u0432\u0435!!111\n***\u041e\u0442\u0435\u0446 \u0441\u0434\u0435\u043b\u0430\u043b \u0435\u043c\u0443 \u043f\u0440\u0435\u0434\u043b\u043e\u0436\u0435\u043d\u0438\u0435, \u043e\u0442 \u043a\u043e\u0442\u043e\u0440\u043e\u0433\u043e \u043e\u043d \u043d\u0435 \u0441\u043c\u043e\u0433 \u043e\u0442\u043a\u0430\u0437\u0430\u0442\u044c\u0441\u044f. \u041b\u0443\u043a\u0430 \u0411\u0440\u0430\u0437\u0438 \u0434\u0435\u0440\u0436\u0430\u043b \u043f\u0438\u0441\u0442\u043e\u043b\u0435\u0442 \u0443 \u0435\u0433\u043e \u0432\u0438\u0441\u043a\u0430, \u0438 \u043e\u0442\u0435\u0446 \u043f\u0440\u0435\u0434\u043b\u043e\u0436\u0438\u043b \u0432\u044b\u0431\u043e\u0440: \u043b\u0438\u0431\u043e \u043d\u0430 \u043a\u043e\u043d\u0442\u0440\u0430\u043a\u0442\u0435 \u043c\u043e\u0437\u0433\u0438, \u043b\u0438\u0431\u043e \u043f\u043e\u0434\u043f\u0438\u0441\u044c.***", "score": 1}}, {"model": "reviews.review", "pk": 5, "fields": {"title": 2, "author": 104, "pub_date": "2022-07-19T09:19:45.584Z", "text": "\u042d\u0442\u043e \u043c\u043e\u0438 \u0441\u043e\u0441\u0435\u0434\u0438! \u0421\u0442\u0430\u0432\u043b\u044e \u0442\u0440\u0438 \u0437\u0432\u0435\u0437\u0434\u044b \u0437\u0430 \u0442\u043e, \u0447\u0442\u043e \u043e\u043d\u0438 \u0434\u0432\u0430\u0436\u0434\u044b \u043e\u0442\u0434\u0430\u0432\u0438\u043b\u0438 \u043c\u043d\u0435 \u043e\u043a\u043d\u043e\u043c \u043f\u0430\u043b\u044c\u0446\u044b:\n----------------------\n\u2014 \u0412\u044b \u0436\u0438\u0432\u0451\u0442\u0435 \u0432 \u043f\u043b\u043e\u0445\u043e\u043c \u0440\u0430\u0439\u043e\u043d\u0435?\n\u2014 \u041d\u0435 \u0442\u043e \u0441\u043b\u043e\u0432\u043e. \u041e\u0434\u043d\u0430\u0436\u0434\u044b \u0441 \u043d\u0430\u0448\u0435\u0439 \u0443\u043b\u0438\u0446\u044b \u0443\u0433\u043d\u0430\u043b\u0438 \u043f\u043e\u043b\u0438\u0446\u0435\u0439\u0441\u043a\u0443\u044e \u043c\u0430\u0448\u0438\u043d\u0443 \u0441 \u0434\u0432\u0443\u043c\u044f \u043f\u043e\u043b\u0438\u0446\u0435\u0439\u0441\u043a\u0438\u043c\u0438. \u0412 \u0434\u043e\u043c \u0432\u0441\u0451 \u0432\u0440\u0435\u043c\u044f \u043b\u0435\u0437\u0443\u0442 \u0432\u043e\u0440\u044b. \u041a\u0430\u0436\u0434\u044b\u0439 \u0440\u0430\u0437, \u043a\u0430\u043a \u044f \u043f\u044b\u0442\u0430\u044e\u0441\u044c \u0437\u0430\u043a\u0440\u044b\u0442\u044c \u043e\u043a\u043d\u043e, \u043f\u0440\u0438\u0449\u0435\u043c\u043b\u044f\u044e \u043a\u043e\u043c\u0443-\u043d\u0438\u0431\u0443\u0434\u044c \u043f\u0430\u043b\u044c\u0446\u044b.", "score": 3}}, {"model": "reviews.review", "pk": 6, "fields": {"title": 5, "author": 100, "pub_date": "2022-07-19T09:19:45.598Z", "text": "\u0412\u0441\u0451, \u043a\u0430\u043a \u0432 \u0440\u0430\u0437\u043d\u044b\u0445 \u044f\u0437\u044b\u043a\u0430\u0445 \u043f\u0440\u043e\u0433\u0440\u0430\u043c\u043c\u0438\u0440\u043e\u0432\u0430\u043d\u0438\u044f! \u0412 \u043e\u0441\u043d\u043e\u0432\u043d\u043e\u043c \u2014 \u043f\u043e\u0445\u043e\u0436\u0435, \u043d\u043e \u0432\u043e\u0442 \u044d\u0442\u0438 \u043c\u0430\u043b\u0435\u043d\u044c\u043a\u0438\u0435 \u0440\u0430\u0437\u043b\u0438\u0447\u0438\u044f \u0432\u044b\u0432\u043e\u0434\u044f\u0442 \u0438\u0437 \u0441\u0435\u0431\u044f. \n\u0412\u0435\u043b\u0438\u043a\u0438\u0439 \u0444\u0438\u043b\u044c\u043c \u043d\u0430 \u0432\u0441\u0435 \u0441\u043b\u0443\u0447\u0430\u0438 \u0436\u0438\u0437\u043d\u0438!\n=====================================================\n\u2014 \u0410 \u0437\u043d\u0430\u0435\u0448\u044c, \u043a\u0430\u043a \u0432 \u041f\u0430\u0440\u0438\u0436\u0435 \u043d\u0430\u0437\u044b\u0432\u0430\u044e\u0442 \u0447\u0435\u0442\u0432\u0435\u0440\u0442\u044c\u0444\u0443\u043d\u0442\u043e\u0432\u044b\u0439 \u0447\u0438\u0437\u0431\u0443\u0440\u0433\u0435\u0440?\n\u2014 \u0427\u0442\u043e, \u043e\u043d\u0438 \u043d\u0435 \u0437\u043e\u0432\u0443\u0442 \u0435\u0433\u043e \u0447\u0435\u0442\u0432\u0435\u0440\u0442\u044c\u0444\u0443\u043d\u0442\u043e\u0432\u044b\u0439 \u0447\u0438\u0437\u0431\u0443\u0440\u0433\u0435\u0440?\n\u2014 \u0423 \u043d\u0438\u0445 \u0442\u0430\u043c \u043c\u0435\u0442\u0440\u0438\u0447\u0435\u0441\u043a\u0430\u044f \u0441\u0438\u0441\u0442\u0435\u043c\u0430. \u041e\u043d\u0438 \u0432\u043e\u043e\u0431\u0449\u0435 \u0442\u0430\u043c \u043d\u0435 \u043f\u043e\u043d\u0438\u043c\u0430\u044e\u0442, \u0447\u0442\u043e \u0437\u0430 \u0445\u0440\u0435\u043d \u0447\u0435\u0442\u0432\u0435\u0440\u0442\u044c \u0444\u0443\u043d\u0442\u0430.\n\u2014 \u0418 \u043a\u0430\u043a \u043e\u043d\u0438 \u0435\u0433\u043e \u0437\u043e\u0432\u0443\u0442?\n\u2014 \u041e\u043d\u0438 \u0437\u043e\u0432\u0443\u0442 \u0435\u0433\u043e \u00ab\u0420\u043e\u044f\u043b \u0447\u0438\u0437\u0431\u0443\u0440\u0433\u0435\u0440\u00bb.\n\u2014 \u00ab\u0420\u043e\u044f\u043b \u0447\u0438\u0437\u0431\u0443\u0440\u0433\u0435\u0440\u00bb? \u0410 \u043a\u0430\u043a \u0436\u0435 \u0442\u043e\u0433\u0434\u0430 \u043e\u043d\u0438 \u0437\u043e\u0432\u0443\u0442 \u00ab\u0411\u0438\u0433 \u041c\u0430\u043a\u00bb?\n\u2014 \u00ab\u0411\u0438\u0433 \u041c\u0430\u043a\u00bb \u044d\u0442\u043e \u00ab\u0411\u0438\u0433 \u041c\u0430\u043a\u00bb, \u0442\u043e\u043b\u044c\u043a\u043e \u043e\u043d\u0438 \u043d\u0430\u0437\u044b\u0432\u0430\u044e\u0442 \u0435\u0433\u043e \u00ab\u041b\u0451 \u0411\u0438\u0433 \u041c\u0430\u043a\u00bb.", "score": 8}}, {"model": "reviews.review", "pk": 7, "fields": {"title": 5, "author": 101, "pub_date": "2022-07-19T09:19:45.601Z", "text": "\u041d\u0438\u0447\u0435\u0433\u043e \u043d\u0435 \u043f\u043e\u043d\u044f\u0442\u043d\u043e. \u041e\u043d\u0438 \u0442\u0430\u043c \u0447\u0442\u043e, \u0441\u0442\u0440\u0430\u043d\u0438\u0446\u044b \u0441\u0446\u0435\u043d\u0430\u0440\u0438\u044f \u043f\u0435\u0440\u0435\u043f\u0443\u0442\u0430\u043b\u0438? \u0415\u0433\u043e \u0441\u043f\u0435\u0440\u0432\u0430 \u0443\u0431\u0438\u043b\u0438, \u0430 \u043f\u043e\u0442\u043e\u043c \u043e\u043d \u043e\u043f\u044f\u0442\u044c \u0436\u0438\u0432, \u0430 \u043e\u043d\u0438 \u0441\u043f\u0435\u0440\u0432\u0430 \u0432 \u0444\u0443\u0442\u0431\u043e\u043b\u043a\u0430\u0445, \u043f\u043e\u0442\u043e\u043c \u0432 \u043a\u043e\u0441\u0442\u044e\u043c\u0430\u0445, \u0430 \u043f\u043e\u0442\u043e\u043c \u043e\u043f\u044f\u0442\u044c \u0432 \u0444\u0443\u0442\u0431\u043e\u043b\u043a\u0430\u0445. \u0415\u0440\u0443\u043d\u0434\u0430 \u043f\u043e\u043b\u043d\u0430\u044f", "score": 1}}, {"model": "reviews.review", "pk": 8, "fields": {"title": 5, "author": 102, "pub_date": "2022-07-19T09:19:45.604Z", "text": "\u041e\u0447\u0435\u043d\u044c \u043f\u043e\u0443\u0447\u0438\u0442\u0435\u043b\u044c\u043d\u044b\u0439 \u0444\u0438\u043b\u044c\u043c \u043e \u0442\u043e\u043c, \u0447\u0442\u043e \u0442\u0430\u043a\u043e\u0435 \u0445\u043e\u0440\u043e\u0448\u043e, \u0447\u0442\u043e \u0442\u0430\u043a\u043e\u0435 \u043f\u043b\u043e\u0445\u043e \u0438 \u043f\u043e\u0447\u0435\u043c\u0443 \u043d\u0435 \u043d\u0430\u0434\u043e \u0447\u0438\u0442\u0430\u0442\u044c \u0432 \u0442\u0443\u0430\u043b\u0435\u0442\u0435.\n\u0422\u0432\u0435\u0440\u0434\u0430\u044f \u0432\u043e\u0441\u044c\u043c\u0451\u0440\u043a\u0430", "score": 8}}, {"model": "reviews.review", "pk": 9, "fields": {"title": 6, "author": 103, "pub_date": "2022-07-19T09:19:45.607Z", "text": "\u041f\u043e\u0441\u043c\u043e\u0442\u0440\u0435\u043b \u0444\u0438\u043b\u044c\u043c. \n\u2014 \u041d\u0430 \u0441\u0432\u0435\u0442\u0435 \u0435\u0441\u0442\u044c \u0434\u0432\u0430 \u0442\u0438\u043f\u0430 \u043b\u044e\u0434\u0435\u0439: \u0442\u0435, \u043a\u0442\u043e \u043a\u043e\u043f\u0430\u0435\u0442 \u0438 \u0442\u0435, \u0443 \u043a\u043e\u0433\u043e \u0437\u0430\u0440\u044f\u0436\u0435\u043d \u0440\u0435\u0432\u043e\u043b\u044c\u0432\u0435\u0440.\n\u041f\u043e\u0439\u0434\u0443 \u043a\u043e\u043f\u0430\u0442\u044c, \u043a\u0430\u043a \u0432\u0435\u043b\u0435\u043b \u041a\u043b\u0438\u043d\u0442. \n\u0414\u0435\u0432\u044f\u0442\u044c \u0431\u0430\u043b\u043b\u043e\u0432.", "score": 9}}, {"model": "reviews.review", "pk": 10, "fields": {"title": 6, "author": 104, "pub_date": "2022-07-19T09:19:45.610Z", "text": "\u0412\u0435\u0447\u043d\u0430\u044f \u043f\u0440\u043e\u0431\u043b\u0435\u043c\u0430 \u0432\u0441\u0435\u0445 \u0437\u043b\u043e\u0434\u0435\u0435\u0432, \u0431\u043e\u043b\u0442\u0430\u044e\u0449\u0438\u0445-\u0431\u043e\u043b\u0442\u0430\u044e\u0449\u0438\u0445-\u0431\u043e\u043b\u0442\u0430\u044e\u0449\u0438\u0445 \u0432\u043c\u0435\u0441\u0442\u043e \u0442\u043e\u0433\u043e, \u0447\u0442\u043e\u0431\u044b \u043f\u0440\u043e\u0441\u0442\u043e \u0437\u0430\u0441\u0442\u0440\u0435\u043b\u0438\u0442\u044c \u043f\u0440\u043e\u0442\u0438\u0432\u043d\u0438\u043a\u0430, \u043e\u0434\u043d\u0438\u043c \u043c\u0430\u0445\u043e\u043c \u0440\u0435\u0448\u0435\u043d\u0430 \u0432 \u044d\u0442\u043e\u0439 \u0441\u0446\u0435\u043d\u0435.\n\u0417\u0430 \u043e\u0434\u043d\u043e \u044d\u0442\u043e \u0444\u0438\u043b\u044c\u043c \u0437\u0430\u0441\u043b\u0443\u0436\u0438\u0432\u0430\u0435\u0442 \u0432\u044b\u0441\u0448\u0435\u0433\u043e \u0431\u0430\u043b\u043b\u0430\n\"\u041f\u0440\u0438\u0448\u0435\u043b \u0441\u0442\u0440\u0435\u043b\u044f\u0442\u044c - \u0441\u0442\u0440\u0435\u043b\u044f\u0439, \u0430 \u043d\u0435 \u0431\u043e\u043b\u0442\u0430\u0439!\"", "score": 10}}, {"model": "reviews.review", "pk": 12, "fields": {"title": 14, "author": 101, "pub_date": "2022-07-19T09:19:45.666Z", "text": "\u041d\u0435\u0434\u0430\u0432\u043d\u043e \u0438\u043c\u0435\u043d\u043d\u043e \u0442\u0430\u043a \u044f \u0438\u0437\u043e\u0431\u0440\u0451\u043b \u0432\u0435\u0447\u043d\u044b\u0439 \u0434\u0432\u0438\u0433\u0430\u0442\u0435\u043b\u044c! \u0427\u0438\u0441\u0442\u0430\u044f \u043f\u0440\u0430\u0432\u0434\u0430 \u0432 \u0444\u0438\u043b\u044c\u043c\u0435, \u043f\u043e\u0447\u0435\u043c\u0443 \u043e\u043d \u043d\u0430\u0437\u0432\u0430\u043d \"\u0444\u0430\u043d\u0442\u0430\u0441\u0442\u0438\u043a\u043e\u0439\", \u044d\u0442\u043e \u0436\u0435 \u043f\u043e\u043b\u043d\u0435\u0439\u0448\u0438\u0439 \u0440\u0435\u0430\u043b\u0438\u0437\u043c!\n\u0412\u043e\u0442 \u0446\u0438\u0442\u0430\u0442\u0430. \u041d\u043e \u0437\u0430\u0447\u0435\u043c \u0435\u043c\u0443 \u0447\u0430\u0441\u044b \u0432 \u0443\u0431\u043e\u0440\u043d\u043e\u0439?!\n\u2014 \u0412 \u0442\u043e\u0442 \u0434\u0435\u043d\u044c \u044f \u0438\u0437\u043e\u0431\u0440\u0451\u043b \u043f\u0443\u0442\u0435\u0448\u0435\u0441\u0442\u0432\u0438\u0435 \u0432\u043e \u0432\u0440\u0435\u043c\u0435\u043d\u0438! \u041a\u0430\u043a \u0441\u0435\u0439\u0447\u0430\u0441 \u043f\u043e\u043c\u043d\u044e\u2026 \u042f \u0441\u0442\u043e\u044f\u043b \u043d\u0430 \u0443\u043d\u0438\u0442\u0430\u0437\u0435 \u0438 \u0432\u0435\u0448\u0430\u043b \u0447\u0430\u0441\u044b. \u0412\u0434\u0440\u0443\u0433 \u043f\u043e\u0434\u0441\u043a\u043e\u043b\u044c\u0437\u043d\u0443\u043b\u0441\u044f, \u0443\u0434\u0430\u0440\u0438\u043b\u0441\u044f \u0433\u043e\u043b\u043e\u0432\u043e\u0439 \u043e \u0440\u0430\u043a\u043e\u0432\u0438\u043d\u0443", "score": 8}}, {"model": "reviews.review", "pk": 13, "fields": {"title": 14, "author": 102, "pub_date": "2022-07-19T09:19:45.669Z", "text": "\u0412\u0435\u043b\u0438\u043a\u0438\u0439 \u0444\u0438\u043b\u044c\u043c, \u0436\u0430\u043b\u044c \u0442\u043e\u043b\u044c\u043a\u043e, \u0447\u0442\u043e \u0431\u0443\u0434\u0443\u0449\u0435\u0435, \u043a\u043e\u0442\u043e\u0440\u043e\u0435 \u0432 \u043d\u0451\u043c \u043f\u043e\u043a\u0430\u0437\u0430\u043d\u043e, \u0443\u0436\u0435 \u0432 \u043f\u0440\u043e\u0448\u043b\u043e\u043c. \u041d\u043e \u043f\u0440\u043e\u0431\u043b\u0435\u043c\u044b \u0432\u0441\u0451 \u0442\u0435\u0436\u0435, \u0432\u043e\u0442 \u043a\u0430\u043a \u044d\u0442\u0430, \u043d\u0430\u043f\u0440\u0438\u043c\u0435\u0440: \u00ab\u0414\u043e\u043a, \u043f\u043e\u0441\u043b\u0443\u0448\u0430\u0439, \u0432\u0441\u0451, \u0447\u0442\u043e \u043d\u0430\u043c \u043d\u0443\u0436\u043d\u043e \u2014 \u044d\u0442\u043e \u043d\u0435\u043c\u043d\u043e\u0433\u043e \u043f\u043b\u0443\u0442\u043e\u043d\u0438\u044f!\u00bb\n\u0412\u0441\u0435\u0433\u0434\u0430 \u043d\u0435 \u0445\u0432\u0430\u0442\u0430\u0435\u0442 \u043a\u0430\u043a\u043e\u0439-\u043d\u0438\u0431\u0443\u0434\u044c \u043c\u0435\u043b\u043e\u0447\u0438. \u0421\u0435\u043c\u0451\u0440\u043a\u0430 \u0437\u0430 \u0442\u043e, \u0447\u0442\u043e \u0431\u0443\u0434\u0443\u0449\u0435\u0435 \u043e\u043a\u0430\u0437\u0430\u043b\u043e\u0441\u044c \u043d\u0435 \u0442\u0430\u043a\u0438\u043c, \u043a\u0430\u043a \u043e\u0431\u0435\u0449\u0430\u043b\u0438.", "score": 7}}, {"model": "reviews.review", "pk": 14, "fields": {"title": 14, "author": 103, "pub_date": "2022-07-19T09:19:45.672Z", "text": "\u0411\u0443\u0434\u0443\u0449\u0435\u0435 \u0432\u044b\u0433\u043b\u044f\u0434\u0438\u0442 \u0441\u0442\u0440\u0430\u043d\u043d\u043e \u0438 \u043d\u0435\u043e\u0436\u0438\u0434\u0430\u043d\u043d\u043e, \u0442\u043e\u0436\u0435 \u043c\u043d\u0435, \u0431\u0438\u043d\u043e\u043c \u041d\u044c\u044e\u0442\u043e\u043d\u0430. \u041d\u043e \u0434\u0438\u0430\u043b\u043e\u0433 \u043f\u0440\u0435\u043a\u0440\u0430\u0441\u0435\u043d, \u0438 \u0437\u0430 \u044d\u0442\u043e \u043d\u0435 \u0441\u0442\u0430\u043d\u0443 \u0441\u0438\u043b\u044c\u043d\u043e \u043c\u0438\u043d\u0443\u0441\u043e\u0432\u0430\u0442\u044c.\n-- Then tell me, future boy, who's President of the United States in 1985?\n-- Ronald Reagan.\n-- Ronald Reagan? The actor? Then who's vice president? Jerry Lewis?", "score": 4}}, {"model": "reviews.review", "pk": 15, "fields": {"title": 17, "author": 104, "pub_date": "2022-07-19T09:19:45.696Z", "text": "\u041d\u0435\u0443\u0436\u0435\u043b\u0438 \u0438\u0437 \u0442\u044e\u0440\u044c\u043c\u044b \u0442\u0430\u043a \u043b\u0435\u0433\u043a\u043e \u0431\u044b\u043b\u043e \u0441\u0431\u0435\u0436\u0430\u0442\u044c? \u0420\u0430\u0437 - \u0438 \u0442\u044b \u043d\u0430 \u0441\u0432\u043e\u0431\u043e\u0434\u0435. \u0414\u0430, \u043f\u043e\u0431\u0435\u0433 \u0438\u0437 \u0428\u043e\u0443\u0448\u0435\u043d\u043a\u0430 \u043f\u0440\u0438\u0448\u043b\u043e\u0441\u044c \u0433\u043e\u0442\u043e\u0432\u0438\u0442\u044c \u043d\u0435\u043c\u043d\u043e\u0433\u043e \u0434\u043e\u043b\u044c\u0448\u0435. \u041f\u044f\u0442\u044c \u0437\u0430 \u0441\u043e\u0446\u0440\u0435\u0430\u043b\u0438\u0437\u043c", "score": 5}}, {"model": "reviews.review", "pk": 16, "fields": {"title": 3, "author": 100, "pub_date": "2022-07-19T09:19:45.587Z", "text": "\u0421\u0445\u043e\u0434\u0438\u043b\u0430 \u0432 \u043a\u0438\u043d\u043e, \u0440\u0435\u0448\u0438\u043b\u0430 \u043d\u0430\u043f\u0438\u0441\u0430\u0442\u044c: \u0434\u0440\u0430\u0439\u0432 \u0438 \u043e\u0433\u043e\u043d\u044c, \u043d\u043e \u0438\u043d\u043e\u0433\u0434\u0430 \u043a\u0430\u043a\u043e\u0439-\u0442\u043e \u0431\u0440\u0435\u0434 \u043d\u0430 \u044d\u043a\u0440\u0430\u043d\u0435. \u0412 \u0441\u0435\u0440\u0435\u0434\u0438\u043d\u0435 \u0444\u0438\u043b\u044c\u043c\u0430 \u043f\u0440\u043e\u0441\u0442\u043e \u043e\u0442\u043b\u0438\u0447\u043d\u044b\u0435 \u0434\u0438\u0430\u043b\u043e\u0433\u0438! \u041f\u0443\u0441\u0442\u044c \u0431\u0443\u0434\u0435\u0442 7", "score": 7}}, {"model": "reviews.review", "pk": 17, "fields": {"title": 3, "author": 101, "pub_date": "2022-07-19T09:19:45.590Z", "text": "\u0421\u043c\u043e\u0442\u0440\u0435\u043b, \u043d\u0435 \u043e\u0442\u0440\u044b\u0432\u0430\u044f\u0441\u044c, \u0445\u043e\u0447\u0443 \u043e\u043f\u0438\u0441\u0430\u0442\u044c \u0441\u0432\u043e\u0438 \u0432\u043f\u0435\u0447\u0430\u0442\u043b\u0435\u043d\u0438\u044f. \u041f\u043e \u043c\u043e\u0435\u043c\u0443 \u043c\u043d\u0435\u043d\u0438\u044e, \u0441\u0446\u0435\u043d\u0430\u0440\u0438\u0439 \u043f\u043e\u0434\u043a\u0430\u0447\u0430\u043b, \u0437\u0430\u0442\u043e \u043f\u043e\u0434\u0431\u043e\u0440 \u0430\u043a\u0442\u0451\u0440\u043e\u0432 - \u0441\u0443\u043f\u0435\u0440. \u041d\u0430\u0447\u0430\u043b\u043e \u043d\u0435\u043c\u043d\u043e\u0433\u043e \u0437\u0430\u0442\u044f\u043d\u0443\u0442\u043e. \u041e\u043f\u0435\u0440\u0430\u0442\u043e\u0440\u0443 - \u041e\u0441\u043a\u0430\u0440\u0430! \u0412\u0441\u0451 \u043e\u0441\u0442\u0430\u043b\u044c\u043d\u043e\u0435 - \u043d\u0435 \u043e\u0447\u0435\u043d\u044c. \u0424\u0438\u043b\u044c\u043c \u0442\u044f\u043d\u0435\u0442 \u043d\u0430 8 \u0438\u0437 10", "score": 8}}, {"model": "reviews.review", "pk": 18, "fields": {"title": 4, "author": 102, "pub_date": "2022-07-19T09:19:45.593Z", "text": "\u0421\u043a\u0430\u0447\u0430\u043b, \u043f\u043e\u0441\u043c\u043e\u0442\u0440\u0435\u043b, \u0434\u0443\u043c\u0430\u044e, \u0447\u0442\u043e \u0430\u043a\u0442\u0451\u0440\u044b \u0442\u0430\u043a \u0441\u0435\u0431\u0435, \u0441\u0446\u0435\u043d\u0430\u0440\u0438\u0439 \u0445\u043e\u0440\u043e\u0448\u0438\u0439. \u0414\u0438\u0430\u043b\u043e\u0433\u0438 \u043f\u0440\u0435\u043a\u0440\u0430\u0441\u043d\u044b\u0435, \u0442\u0430\u043a \u0447\u0442\u043e \u043f\u0443\u0441\u0442\u044c \u0431\u0443\u0434\u0435\u0442 \u0432\u043e\u0441\u0435\u043c\u044c \u0437\u0432\u0435\u0437\u0434", "score": 8}}, {"model": "reviews.review", "pk": 19, "fields": {"title": 4, "author": 103, "pub_date": "2022-07-19T09:19:45.595Z", "text": "\u041f\u043e\u0441\u043c\u043e\u0442\u0440\u0435\u043b. \u041f\u043e \u043c\u043e\u0435\u043c\u0443 \u043c\u043d\u0435\u043d\u0438\u044e, \u0430\u043a\u0442\u0451\u0440\u044b \u0442\u0430\u043a \u0441\u0435\u0431\u0435, \u043d\u043e \u0441\u0446\u0435\u043d\u0430\u0440\u0438\u0439 \u0445\u043e\u0440\u043e\u0448\u0438\u0439. \u041f\u0435\u0440\u0432\u0443\u044e \u043f\u043e\u043b\u043e\u0432\u0438\u043d\u0443 \u0444\u0438\u043b\u044c\u043c\u0430 \u043c\u043e\u0436\u043d\u043e \u0441\u043f\u0430\u0442\u044c, \u043d\u0435 \u043e\u043f\u0430\u0441\u0430\u044f\u0441\u044c, \u0447\u0442\u043e \u0447\u0442\u043e-\u0442\u043e \u043f\u0440\u043e\u043f\u0443\u0441\u0442\u0438\u0448\u044c. \u041d\u0435 \u0440\u0430\u0437\u0434\u0443\u043c\u044b\u0432\u0430\u044f, \u0441\u0442\u0430\u0432\u043b\u044e \u0443\u0432\u0435\u0440\u0435\u043d\u043d\u0443\u044e \u0434\u0435\u0441\u044f\u0442\u043a\u0443", "score": 10}}, {"model": "reviews.review", "pk": 20, "fields": {"title": 7, "author": 104, "pub_date": "2022-07-19T09:19:45.616Z", "text": "\u0421\u043a\u0430\u0436\u0443 \u0442\u0435\u043c, \u043a\u0442\u043e \u0435\u0449\u0451 \u043d\u0435 \u0441\u043c\u043e\u0442\u0440\u0435\u043b: \u0435\u0441\u043b\u0438 \u0431\u044b \u044f \u0431\u044b\u043b \u0440\u0435\u0436\u0438\u0441\u0441\u0451\u0440\u043e\u043c \u044d\u0442\u043e\u0433\u043e \u0444\u0438\u043b\u044c\u043c\u0430 - \u044f \u0431\u044b \u043d\u0435 \u0433\u043e\u0440\u0434\u0438\u043b\u0441\u044f. \u041e\u043f\u0435\u0440\u0430\u0442\u043e\u0440\u0430 \u0443\u0432\u043e\u043b\u0438\u0442\u044c, \u0444\u0438\u043b\u044c\u043c \u043f\u043e\u043b\u0443\u0447\u0438\u043b\u0441\u044f \u0442\u0430\u043a \u0441\u0435\u0431\u0435, \u043d\u043e \u043e\u0434\u0438\u043d \u0440\u0430\u0437 \u043f\u043e\u0441\u043c\u043e\u0442\u0440\u0435\u0442\u044c - \u0441\u043e\u0439\u0434\u0451\u0442. \u0410\u0432\u0442\u043e\u0440\u044b \u0447\u0435\u0441\u0442\u043d\u043e \u0437\u0430\u0441\u043b\u0443\u0436\u0438\u043b\u0438 5 \u0438\u0437 10", "score": 5}}, {"model": "reviews.review", "pk": 21, "fields": {"title": 7, "author": 100, "pub_date": "2022-07-19T09:19:45.613Z", "text": "\u0421\u043a\u0430\u0447\u0430\u043b, \u043f\u043e\u0441\u043c\u043e\u0442\u0440\u0435\u043b, \u0434\u0443\u043c\u0430\u044e, \u0447\u0442\u043e \u0441\u0446\u0435\u043d\u0430\u0440\u0438\u0439 \u043f\u043e\u0434\u043a\u0430\u0447\u0430\u043b, \u0437\u0430\u0442\u043e \u043f\u043e\u0434\u0431\u043e\u0440 \u0430\u043a\u0442\u0451\u0440\u043e\u0432 - \u0441\u0443\u043f\u0435\u0440. \u041d\u0430\u0447\u0430\u043b\u043e \u043d\u0435\u043c\u043d\u043e\u0433\u043e \u0437\u0430\u0442\u044f\u043d\u0443\u0442\u043e, \u0434\u0430 \u0438 \u0432\u043e\u043e\u0431\u0449\u0435 \u043d\u0435 \u043e\u0447\u0435\u043d\u044c. \u0424\u0438\u043b\u044c\u043c \u0435\u0434\u0432\u0430 \u0442\u044f\u043d\u0435\u0442 \u043d\u0430 4", "score": 4}}, {"model": "reviews.review", "pk": 22, "fields": {"title": 8, "author": 101, "pub_date": "2022-07-19T09:19:45.619Z", "text": "\u041c\u043d\u0435 \u043a\u0430\u0436\u0435\u0442\u0441\u044f, \u0447\u0442\u043e \u044f \u0432\u043f\u0443\u0441\u0442\u0443\u044e \u043f\u043e\u0442\u0435\u0440\u044f\u043b \u0432\u0440\u0435\u043c\u044f. \u0421\u0442\u0430\u0432\u043b\u044e 2", "score": 2}}, {"model": "reviews.review", "pk": 23, "fields": {"title": 8, "author": 102, "pub_date": "2022-07-19T09:19:45.622Z", "text": "\u041f\u043e\u0441\u043c\u043e\u0442\u0440\u0435\u043b\u0430. \u0410\u043a\u0442\u0451\u0440\u044b \u0442\u0430\u043a \u0441\u0435\u0431\u0435, \u0441\u0446\u0435\u043d\u0430\u0440\u0438\u0439 \u0445\u043e\u0440\u043e\u0448\u0438\u0439. \u0423\u0441\u043d\u0443\u043b\u0430 \u043a \u0441\u0435\u0440\u0435\u0434\u0438\u043d\u0435. \u041d\u0435 \u0440\u0430\u0437\u0434\u0443\u043c\u044b\u0432\u0430\u044f, \u0441\u0442\u0430\u0432\u043b\u044e \u0434\u0432\u043e\u0439\u043a\u0443 ", "score": 2}}, {"model": "reviews.review", "pk": 24, "fields": {"title": 9, "author": 103, "pub_date": "2022-07-19T09:19:45.628Z", "text": "\u0412\u0441\u0435 \u043e\u0447\u0435\u043d\u044c \u0434\u043e\u043b\u0433\u043e \u0436\u0434\u0430\u043b\u0438 \u043f\u0440\u0435\u043c\u044c\u0435\u0440\u0443 \u0444\u0438\u043b\u044c\u043c\u0430,\u0438 \u043d\u0430\u043a\u043e\u043d\u0435\u0446 \u0434\u043e\u0436\u0434\u0430\u043b\u0438\u0441\u044c.\u0424\u0438\u043b\u044c\u043c \u043e\u0442\u043b\u0438\u0447\u043d\u044b\u0439,\u0434\u043e\u0431\u0440\u044b\u0439,\u0441\u043c\u043e\u0442\u0440\u0438\u0442\u0441\u044f \u043f\u043e\u0447\u0442\u0438 \u043d\u0430 \u043e\u0434\u043d\u043e\u043c \u0434\u044b\u0445\u0430\u043d\u0438\u0438,\u0441 \u0437\u0430\u0432\u044f\u0437\u0430\u043d\u043d\u044b\u043c \u0441\u044e\u0436\u0435\u0442\u043e\u043c \u0438 \u043d\u0435 \u043c\u0435\u043d\u0435\u0435 \u043a\u0440\u0443\u0442\u043e\u0439 \u043c\u0443\u0437\u044b\u043a\u043e\u0439.\u041a\u0438\u043d\u043e \u043e\u0447\u0435\u043d\u044c \u043f\u043e\u043d\u0440\u0430\u0432\u0438\u043b\u043e\u0441\u044c!!!\u0412\u0441\u0435\u043c \u0441\u043e\u0432\u0435\u0442\u0443\u044e.", "score": 10}}, {"model": "reviews.review", "pk": 25, "fields": {"title": 9, "author": 104, "pub_date": "2022-07-19T09:19:45.631Z", "text": "\u041e\u0442\u0441\u0442\u043e\u0439-\u0444\u0438\u043b\u044c\u043c. \u041d\u0435 \u0445\u043e\u0434\u0438\u0442\u0435", "score": 1}}, {"model": "reviews.review", "pk": 26, "fields": {"title": 9, "author": 100, "pub_date": "2022-07-19T09:19:45.625Z", "text": "\u0414\u043b\u044f \u043b\u044e\u0434\u0435\u0439, \u043a\u043e\u0442\u043e\u0440\u044b\u0435 \u0445\u043e\u0442\u044f\u0442 \u043f\u043e\u0441\u043c\u0435\u044f\u0442\u044c\u0441\u044f \u0438 \u043f\u043e\u043b\u0443\u0447\u0438\u0442\u044c \u043c\u043e\u0440\u0435 \u044d\u043c\u043e\u0446\u0438\u0439, \u0442\u043e\u0442 \u0441\u0430\u043c\u044b\u0439 \u0444\u0438\u043b\u044c\u043c. \u041c\u043d\u0435 \u043e\u0447\u0435\u043d\u044c \u043f\u043e\u043d\u0440\u0430\u0432\u0438\u043b\u0441\u044f.", "score": 10}}, {"model": "reviews.review", "pk": 27, "fields": {"title": 10, "author": 101, "pub_date": "2022-07-19T09:19:45.633Z", "text": "\u041f\u0435\u0440\u0432\u044b\u0439 \u0440\u0430\u0437 \u0432 \u0436\u0438\u0437\u043d\u0438 \u0440\u0435\u0448\u0438\u043b\u0430 \u043d\u0430\u043f\u0438\u0441\u0430\u0442\u044c \u043e\u0442\u0437\u044b\u0432,\u0447\u0442\u043e\u0431\u044b \u043f\u0440\u0435\u0434\u043e\u0441\u0442\u0435\u0440\u0435\u0447\u044c \u043e\u0442 \u043f\u043e\u0442\u0435\u0440\u0438 \u0434\u0435\u043d\u0435\u0433 \u043d\u0430 \u0431\u0438\u043b\u0435\u0442 \u0438 \u0442\u0440\u0430\u0442\u044b \u0432\u0440\u0435\u043c\u0435\u043d\u0438 \u043d\u0430 \u043f\u0440\u043e\u0441\u043c\u043e\u0442\u0440. \u041a \u0438\u0433\u0440\u0435 \u0430\u043a\u0442\u0435\u0440\u043e\u0432 \u043f\u0440\u0435\u0442\u0435\u043d\u0437\u0438\u0439 \u043d\u0435\u0442", "score": 2}}, {"model": "reviews.review", "pk": 28, "fields": {"title": 10, "author": 102, "pub_date": "2022-07-19T09:19:45.636Z", "text": "2 \u0447\u0430\u0441\u0430 \u0441\u043c\u043e\u0442\u0440\u044f\u0442\u0441\u044f \u043d\u0430 \u043e\u0434\u043d\u043e\u043c \u0434\u044b\u0445\u0430\u043d\u0438\u0438. \u0421\u043f\u0435\u0446\u044d\u0444\u0444\u0435\u043a\u0442\u044b \u043d\u0430 \u0443\u0440\u043e\u0432\u043d\u0435 \u0444\u0438\u043b\u044c\u043c\u043e\u0432 \u041c\u0430\u0440\u0432\u0435\u043b\u0430. \u0421\u043c\u043e\u0442\u0440\u0435\u043b\u0438 \u0432\u0441\u0435\u0439 \u0441\u0435\u043c\u044c\u0435\u0439. \u041f\u043e\u0441\u043c\u043e\u0442\u0440\u0435\u043b \u043d\u0435\u0441\u043a\u043e\u043b\u044c\u043a\u043e \u043e\u0442\u0437\u044b\u0432\u043e\u0432, \u043f\u043e\u043d\u044f\u043b , \u0447\u0442\u043e \u0444\u0438\u043b\u044c\u043c \u0441\u0442\u043e\u0438\u0442 \u043f\u043e\u0441\u043c\u043e\u0442\u0440\u0435\u0442\u044c", "score": 10}}, {"model": "reviews.review", "pk": 29, "fields": {"title": 11, "author": 103, "pub_date": "2022-07-19T09:19:45.642Z", "text": "\u0414\u0435\u0439\u0441\u0442\u0432\u0438\u044f \u043f\u0435\u0440\u0441\u043e\u043d\u0430\u0436\u0435\u0439 \u0432\u044b\u0437\u044b\u0432\u0430\u044e\u0442 \u043f\u043e\u0441\u0442\u043e\u044f\u043d\u043d\u044b\u0439 \u0432\u043e\u043f\u0440\u043e\u0441\u044b - \u0447\u0442\u043e \u0438 \u0437\u0430\u0447\u0435\u043c \u043e\u043d\u0438 \u044d\u0442\u043e \u0434\u0435\u043b\u0430\u044e\u0442. \u041b\u043e\u0433\u0438\u043a\u0438 \u043f\u0440\u043e\u0441\u0442\u043e \u043d\u0435\u0442. \u041f\u043e\u0441\u043b\u0435 \u043f\u043e\u043b\u043e\u0432\u0438\u043d\u044b \u0444\u0438\u043b\u044c\u043c\u0430 \u0443\u0436\u0435 \u0445\u043e\u0447\u0435\u0442\u0441\u044f \u0443\u0439\u0442\u0438", "score": 1}}, {"model": "reviews.review", "pk": 30, "fields": {"title": 11, "author": 104, "pub_date": "2022-07-19T09:19:45.645Z", "text": "\u041b\u0443\u0447\u0448\u0438\u0439 \u0444\u0438\u043b\u044c\u043c, \u043e\u0434\u043d\u043e\u0437\u043d\u0430\u0447\u043d\u043e. \u0428\u0435\u0434\u0435\u0432\u0440. \u041d\u043e \u0441\u043b\u0435\u0434\u0443\u0435\u0442 \u043f\u043e\u043d\u0438\u043c\u0430\u0442\u044c, \u0447\u0442\u043e \u044d\u0442\u043e \u043d\u0435 \u043a\u0438\u043d\u043e \u043f\u043e\u0434 \u043f\u0438\u0432\u043e \u0434\u043b\u044f \u043c\u043e\u043b\u043e\u0434\u0435\u0436\u0438. \u0421\u0442\u0438\u043b\u044c\u043d\u043e \u0441\u043d\u044f\u0442\u043e, \u043d\u0430 \u043e\u0434\u043d\u043e\u043c \u0434\u044b\u0445\u0430\u043d\u0438\u0438\n\u0441\u043c\u043e\u0442\u0440\u0438\u0442\u0441\u044f, \u043f\u0435\u0440\u0441\u043e\u043d\u0430\u0436\u0438 \u0432\u0435\u043b\u0438\u043a\u043e\u043b\u0435\u043f\u043d\u044b", "score": 10}}, {"model": "reviews.review", "pk": 31, "fields": {"title": 11, "author": 100, "pub_date": "2022-07-19T09:19:45.639Z", "text": "\u0422\u0443\u043f\u0435\u0435 \u043d\u0435 \u0432\u0438\u0434\u0435\u043b, \u0441\u043c\u043e\u0442\u0440\u0435\u0442\u044c \u043d\u0435 \u0438\u043d\u0442\u0435\u0440\u0435\u0441\u043d\u043e \u0441\u043a\u0443\u0447\u043d\u044f\u043a", "score": 1}}, {"model": "reviews.review", "pk": 32, "fields": {"title": 12, "author": 101, "pub_date": "2022-07-19T09:19:45.648Z", "text": "\u0424\u0438\u043b\u044c\u043c \u0438\u043d\u0442\u0435\u0440\u0435\u0441\u043d\u044b\u0439,\u043d\u043e \u043d\u0435 \u0434\u043e\u0440\u0430\u0431\u043e\u0442\u0430\u043d\u043d\u044b\u0439.\u041e\u0441\u0442\u0440\u043e\u0442\u044b \u0441\u044e\u0436\u0435\u0442\u0430 \u043d\u0435 \u0445\u0432\u0430\u0442\u0430\u0435\u0442", "score": 8}}, {"model": "reviews.review", "pk": 33, "fields": {"title": 12, "author": 102, "pub_date": "2022-07-19T09:19:45.651Z", "text": "\u0421\u0430\u043c\u0430\u044f \u0441\u0438\u043b\u044c\u043d\u0430\u044f \u043a\u0430\u0440\u0442\u0438\u043d\u0430 \u0437\u0430 \u043f\u043e\u0441\u043b\u0435\u0434\u043d\u0435\u0435 \u0432\u0440\u0435\u043c\u044f. \u0424\u0438\u043b\u044c\u043c \u0437\u0430\u0441\u0442\u0430\u0432\u043b\u044f\u0435\u0442 \u043f\u043b\u0430\u043a\u0430\u0442\u044c, \u0440\u0430\u0434\u043e\u0432\u0430\u0442\u044c\u0441\u044f, \u0433\u0440\u0443\u0441\u0442\u0438\u0442\u044c, \u0434\u0435\u0440\u0436\u0438\u0442 \u0432 \u043d\u0430\u043f\u0440\u044f\u0436\u0435\u043d\u0438\u0438", "score": 10}}, {"model": "reviews.review", "pk": 34, "fields": {"title": 12, "author": 103, "pub_date": "2022-07-19T09:19:45.654Z", "text": "\u0421 \u043e\u0433\u0440\u043e\u043c\u043d\u044b\u043c \u0443\u0434\u043e\u0432\u043e\u043b\u044c\u0441\u0442\u0432\u0438\u0435\u043c \u0441\u0445\u043e\u0434\u0438\u043b\u0430 \u0432 \u043a\u0438\u043d\u043e\u0442\u0435\u0430\u0442\u0440. \u041e\u0434\u043d\u043e\u0440\u0430\u0437\u043e\u0432\u044b\u0435 \u0444\u0438\u043b\u044c\u043c\u044b, \u043d\u0430\u0437\u0432\u0430\u043d\u0438\u044f \u043a\u043e\u0442\u043e\u0440\u044b\u0445 \u0437\u0430\u0431\u044b\u0432\u0430\u0435\u0448\u044c \u043d\u0430 \u0432\u044b\u0445\u043e\u0434\u0435 \u0438\u0437 \u0434\u0432\u0435\u0440\u0435\u0439 \u043a\u0438\u043d\u043e\u0437\u0430\u043b\u0430, \u0440\u0430\u0437\u043e\u0447\u0430\u0440\u043e\u0432\u044b\u0432\u0430\u044e\u0442. \u0418 \u0432\u043e\u0442 \u043d\u0430\u0441\u0442\u043e\u044f\u0449\u0438\u0439, \u0434\u0443\u0448\u0435\u0432\u043d\u044b\u0439, \u0436\u0438\u0437\u043d\u0435\u043d\u043d\u044b\u0439 \u0444\u0438\u043b\u044c\u043c. \u0418\u0433\u0440\u0430 \u0430\u043a\u0442\u043e\u0440\u043e\u0432 \u0438 \u0441\u044e\u0436\u0435\u0442 \u0431\u043e\u043c\u0431\u0438\u0447\u0435\u0441\u043a\u0438\u0435.", "score": 9}}, {"model": "reviews.review", "pk": 35, "fields": {"title": 13, "author": 104, "pub_date": "2022-07-19T09:19:45.663Z", "text": "\u0427\u0442\u043e \u0441\u043a\u0430\u0437\u0430\u0442\u044c \u043f\u043e\u0441\u043b\u0435 \u043f\u0440\u043e\u0441\u043c\u043e\u0442\u0440\u0430? \u041d\u0438\u0447\u0435\u0433\u043e. \u0422\u0430\u043a\u043e\u0435 \u043e\u0449\u0443\u0449\u0435\u043d\u0438\u0435, \u0447\u0442\u043e \u0442\u0435\u0431\u044f \u043e\u0431\u043c\u0430\u043d\u0443\u043b\u0438, \u0437\u0430\u0441\u0442\u0430\u0432\u0438\u043b\u0438 \u0441\u043c\u043e\u0442\u0440\u0435\u0442\u044c \u0437\u0430 \u0442\u0432\u043e\u0438 \u0434\u0435\u043d\u044c\u0433\u0438 \u043d\u0430 \u0441\u0442\u0435\u043d\u0443", "score": 1}}, {"model": "reviews.review", "pk": 36, "fields": {"title": 13, "author": 100, "pub_date": "2022-07-19T09:19:45.657Z", "text": "\u0425\u043e\u0442\u0435\u043b\u043e\u0441\u044c \u0443\u0439\u0442\u0438 \u0443\u0436\u0435 \u043d\u0430 \u0434\u0432\u0430\u0434\u0446\u0430\u0442\u043e\u0439 \u043c\u0438\u043d\u0443\u0442\u0435. \u041d\u0435\u0438\u043d\u0442\u0435\u0440\u0435\u0441\u043d\u043e \u0438 \u043d\u0443\u0434\u043d\u043e. \u0420\u0435\u0436\u0438\u0441\u0441\u0443\u0440\u0430 \u043d\u0435 \u0432\u043f\u0435\u0447\u0430\u0442\u043b\u0438\u043b\u0430, \u043d\u0443 \u043f\u0440\u043e\u0441\u0442\u043e \u043d\u0435\u0438\u043d\u0442\u0435\u0440\u0435\u0441\u043d\u043e \u0441\u043c\u043e\u0442\u0440\u0435\u0442\u044c \u0431\u044b\u043b\u043e", "score": 2}}, {"model": "reviews.review", "pk": 37, "fields": {"title": 13, "author": 101, "pub_date": "2022-07-19T09:19:45.660Z", "text": "\u0424\u0438\u043b\u044c\u043c \u0441\u0442\u043e\u0438\u0442 \u0443\u0432\u0438\u0434\u0435\u0442\u044c \u0442\u0435\u043c, \u043a\u043e\u043c\u0443 \u0438\u043d\u0442\u0435\u0440\u0435\u0441\u043d\u043e \u0441\u043e\u0432\u0440\u0435\u043c\u0435\u043d\u043d\u043e\u0435 \u043a\u0438\u043d\u043e. \u041d\u0435 \u0441\u043a\u0443\u0447\u043d\u043e, \u043d\u0435 \u0437\u0430\u0442\u044f\u043d\u0443\u0442\u043e, \u043f\u043e\u043d\u0440\u0430\u0432\u0438\u043b\u0430\u0441\u044c \u043e\u043f\u0435\u0440\u0430\u0442\u043e\u0440\u0441\u043a\u0430\u044f \u0440\u0430\u0431\u043e\u0442\u0430, \u043d\u0435\u043a\u043e\u0442\u043e\u0440\u044b\u0435 \u0441\u0446\u0435\u043d\u044b \u0441\u0434\u0435\u043b\u0430\u043d\u044b \u043d\u0430 \u0445\u043e\u0440\u043e\u0448\u0435\u043c \u0443\u0440\u043e\u0432\u043d\u0435", "score": 8}}, {"model": "reviews.review", "pk": 38, "fields": {"title": 15, "author": 102, "pub_date": "2022-07-19T09:19:45.675Z", "text": "\u041c\u0443\u0442\u043e\u0440\u043d\u043e \u0438 \u0442\u044f\u0436\u0435\u043b\u043e. \u0421\u0442\u0430\u0432\u043b\u044e 2", "score": 2}}, {"model": "reviews.review", "pk": 39, "fields": {"title": 15, "author": 103, "pub_date": "2022-07-19T09:19:45.678Z", "text": "\u0424\u0438\u043b\u044c\u043c \u043d\u0435 \u043e\u043f\u0440\u0430\u0432\u0434\u0430\u043b \u043e\u0436\u0438\u0434\u0430\u043d\u0438\u0439. \u0421\u043f\u043b\u043e\u0448\u043d\u0430\u044f \u043a\u0430\u0448\u0430, \u0441\u043b\u0430\u0431\u044b\u0439 \u0441\u0446\u0435\u043d\u0430\u0440\u0438\u0439. \u0421 \u0442\u0440\u0443\u0434\u043e\u043c \u0434\u043e\u0441\u043c\u043e\u0442\u0440\u0435\u043b\u0430 \u0434\u043e \u043a\u043e\u043d\u0446\u0430. \u041e\u0436\u0438\u0434\u0430\u043b\u0430 \u043d\u0435\u0447\u0442\u043e \u0442\u0430\u043a\u043e\u0433\u043e \u0438\u043d\u0442\u0435\u0440\u0435\u0441\u043d\u043e\u0433\u043e \u0438 \u0437\u0430\u0445\u0432\u0430\u0442\u044b\u0432\u0430\u044e\u0449\u0435\u0435. \u041f\u043e\u043b\u043d\u043e\u0435 \u0440\u0430\u0437\u043e\u0447\u0430\u0440\u043e\u0432\u0430\u043d\u0438\u0435. \u041e\u0442\u0434\u0435\u043b\u044c\u043d\u044b\u0435 \u043d\u0435\u0441\u0432\u044f\u0437\u043d\u044b\u0435 \u0441\u0446\u0435\u043d\u044b, \u043d\u0435\u043f\u043e\u043d\u044f\u0442\u043d\u044b\u0435 \u0434\u0438\u0430\u043b\u043e\u0433\u0438", "score": 3}}, {"model": "reviews.review", "pk": 40, "fields": {"title": 15, "author": 104, "pub_date": "2022-07-19T09:19:45.681Z", "text": "\u041c\u043d\u0435 \u0444\u0438\u043b\u044c\u043c \u043f\u043e\u043d\u0440\u0430\u0432\u0438\u043b\u0441\u044f. \u0412\u0441\u0435 \u043a\u0430\u0447\u0435\u0441\u0442\u0432\u0435\u043d\u043d\u043e,\u043a\u0440\u0430\u0441\u0438\u0432\u043e. \u0418\u0433\u0440\u0430 \u0430\u043a\u0442\u0435\u0440\u043e\u0432, \u0432 \u043e\u0441\u043d\u043e\u0432\u043d\u043e\u043c, \u043e\u0447\u0435\u043d\u044c \u0434\u0430\u0436\u0435. \u041d\u043e \u0441\u043b\u0438\u0448\u043a\u043e\u043c \u043c\u043d\u043e\u0433\u043e, \u0434\u043b\u044f \u043c\u0435\u043d\u044f \u043a\u0440\u043e\u0432\u0430\u0432\u044b\u0445 \u0441\u0446\u0435\u043d,\u0441\u043b\u0430\u0431\u043e\u043d\u0435\u0440\u0432\u043d\u044b\u043c \u043f\u0440\u043e\u0441\u044c\u0431\u0430 \u043d\u0435 \u0441\u043c\u043e\u0442\u0440\u0435\u0442\u044c", "score": 9}}, {"model": "reviews.review", "pk": 41, "fields": {"title": 16, "author": 100, "pub_date": "2022-07-19T09:19:45.684Z", "text": "\u0417\u0440\u044f \u043f\u043e\u0442\u0435\u0440\u044f\u043d\u043d\u043e\u0435 \u0432\u0440\u0435\u043c\u044f! \u042d\u043c\u043e\u0446\u0438\u0438 \u043f\u043e\u0441\u043b\u0435 \u043f\u0440\u043e\u0441\u043c\u043e\u0442\u0440\u0430, - \u0431\u0435\u0437\u044b\u0441\u0445\u043e\u0434\u043d\u043e\u0441\u0442\u044c, \u043d\u0438\u0447\u0435\u0433\u043e \u0443\u0436\u0435 \u043d\u0435 \u0438\u0437\u043c\u0435\u043d\u0438\u0448\u044c. \u0424\u0438\u043b\u044c\u043c \u0432\u043e\u043e\u0431\u0449\u0435 \u043d\u0438\u043a\u0430\u043a\u043e\u0439!!!\n\u0418 \u043f\u043e\u0441\u0442\u0430\u0432\u0438\u043b\u0438 \u0435\u0433\u043e \u043b\u044e\u0434\u0438 \u0431\u0435\u0437\u0434\u0430\u0440\u043d\u044b\u0435 \u0438 \u043d\u0438\u043a\u0447\u0451\u043c\u043d\u044b\u0435!!!", "score": 1}}, {"model": "reviews.review", "pk": 42, "fields": {"title": 16, "author": 101, "pub_date": "2022-07-19T09:19:45.687Z", "text": "\u041f\u043e\u0441\u043b\u0435 \u043f\u0440\u043e\u0441\u043c\u043e\u0442\u0440\u0430 \u0440\u0430\u0437\u043e\u0447\u0430\u0440\u043e\u0432\u0430\u043d\u0438\u0435 \u0433\u0440\u0430\u043d\u0438\u0447\u0438\u0442 \u0441 \u0448\u043e\u043a\u043e\u043c. \u0411\u0435\u0437\u0434\u0430\u0440\u043d\u044b\u0439 \u0444\u0438\u043b\u044c\u043c, \u043a\u0430\u043a \u043f\u0440\u0435\u0434\u044b\u0434\u0443\u0449\u0438\u0439 \u043e\u0442 \u044d\u0442\u043e\u0433\u043e \u0436\u0435 \u0440\u0435\u0436\u0438\u0441\u0441\u0435\u0440\u0430. \u041d\u0435 \u0440\u0435\u043a\u043e\u043c\u0435\u043d\u0434\u0443\u044e \u043d\u0438\u043a\u043e\u043c\u0443! \u041f\u043b\u043e\u0445\u043e, \u043d\u0435\u043f\u0440\u0430\u0432\u0434\u043e\u043f\u043e\u0434\u043e\u0431\u043d\u043e, \u0441\u043a\u043e\u043c\u043a\u0430\u043d\u043e \u0441\u043d\u044f\u0442\u043e.", "score": 2}}, {"model": "reviews.review", "pk": 43, "fields": {"title": 16, "author": 102, "pub_date": "2022-07-19T09:19:45.690Z", "text": "\u0424\u0438\u043b\u044c\u043c \u043c\u043e\u0449\u043d\u044b\u0439. \u0413\u043b\u0430\u0432\u043d\u043e\u0435 - \u043d\u0435 \u0437\u0430\u043d\u0438\u043c\u0430\u0442\u044c \u0447\u044c\u044e-\u0442\u043e \u043f\u043e\u0437\u0438\u0446\u0438\u044e, \u0430 \u0441\u043c\u043e\u0442\u0440\u0435\u0442\u044c \u0441\u043e \u0441\u0442\u043e\u0440\u043e\u043d\u044b. \u0412\u043f\u0435\u0440\u0432\u044b\u0435 \u0432\u0438\u0436\u0443, \u0447\u0442\u043e\u0431\u044b \u0431\u044b\u043b\u043e \u0442\u0430\u043a \u0434\u0435\u0442\u0430\u043b\u044c\u043d\u043e \u043f\u043e\u043a\u0430\u0437\u0430\u043d\u044b \u043f\u0435\u0440\u0435\u0436\u0438\u0432\u0430\u043d\u0438\u044f \u0438 \u044d\u043c\u043e\u0446\u0438\u0438 \u043a\u0430\u0436\u0434\u043e\u0433\u043e \u0433\u0435\u0440\u043e\u044f. \u0412\u0441\u0435 \u043d\u0430 \u0441\u0432\u043e\u0435\u043c \u043c\u0435\u0441\u0442\u0435. \u0410\u043a\u0442\u0435\u0440\u044b \u0438 \u0433\u0440\u0430\u0444\u0438\u043a\u0430 \u043d\u0430 \u0432\u044b\u0441\u043e\u0442\u0435.", "score": 10}}, {"model": "reviews.review", "pk": 44, "fields": {"title": 17, "author": 103, "pub_date": "2022-07-19T09:19:45.693Z", "text": "\u0415\u0441\u043b\u0438 \u0442\u0430\u043a\u043e\u0439 \u0436\u0430\u043d\u0440 \u0432\u0430\u043c \u043f\u043e \u0432\u043a\u0443\u0441\u0443, \u0442\u043e \u0434\u0430\u0436\u0435 \u043d\u0435 \u0441\u043e\u043c\u043d\u0435\u0432\u0430\u0439\u0442\u0435\u0441\u044c - \u0431\u0435\u0433\u043e\u043c \u0432 \u043a\u0438\u043d\u043e\u0442\u0435\u0430\u0442\u0440! \u0424\u0438\u043b\u044c\u043c - \u043e\u0433\u043e\u043d\u044c! \u0418\u043d\u0442\u0435\u0440\u0435\u0441\u043d\u044b\u0439 \u0441\u044e\u0436\u0435\u0442, \u0432\u0435\u043b\u0438\u043a\u043e\u043b\u0435\u043f\u043d\u0430\u044f \u0438\u0433\u0440\u0430 \u0430\u043a\u0442\u0451\u0440\u043e\u0432, \u0441\u044a\u0451\u043c\u043a\u0438 \u043f\u0440\u043e\u0441\u0442\u043e \u0441\u0443\u043f\u0435\u0440, \u0434\u0430 \u0438 \u0441\u043f\u0435\u0446\u044d\u0444\u0444\u0435\u043a\u0442\u044b \u043d\u0430 \u0432\u044b\u0441\u043e\u0442\u0435", "score": 10}}, {"model": "reviews.review", "pk": 45, "fields": {"title": 18, "author": 104, "pub_date": "2022-07-19T09:19:45.702Z", "text": "\u0421\u044e\u0436\u0435\u0442, \u043c\u044b\u0441\u043b\u044c, \u0444\u0438\u043b\u043e\u0441\u043e\u0444\u0438\u044f, \u0438\u0433\u0440\u0430 \u0430\u043a\u0442\u0435\u0440\u043e\u0432, \u044d\u043c\u043e\u0446\u0438\u0438 - \u0431\u043b\u0435\u0441\u043a! \u0421\u044e\u0436\u0435\u0442 \u0434\u0438\u043d\u0430\u043c\u0438\u0447\u043d\u044b\u0439, \u0438\u0433\u0440\u0430 \u0430\u043a\u0442\u0451\u0440\u043e\u0432 \u0445\u043e\u0440\u043e\u0448\u0430, \u043d\u043e \u043d\u0435 \u0438\u0434\u0435\u0430\u043b\u044c\u043d\u0430.", "score": 8}}, {"model": "reviews.review", "pk": 46, "fields": {"title": 18, "author": 100, "pub_date": "2022-07-19T09:19:45.699Z", "text": "\u0420\u0430\u0437\u043e\u0447\u0430\u0440\u043e\u0432\u0430\u043d\u0438\u043d\u0435, \u0432\u044b\u0442\u0430\u0449\u0438\u043b\u0430 \u0441\u0435\u0431\u044f \u0432 \u043a\u0438\u043d\u043e, \u0430 \u0442\u0443\u0442 \u0442\u0430\u043a\u043e\u0435. \u0420\u0435\u043a\u043b\u0430\u043c\u0430 \u0448\u043b\u0430 \u043c\u043d\u043e\u043e\u043e\u0431\u0435\u0449\u0430\u044e\u0449\u0430\u044f, \u0430 \u0432 \u0440\u0435\u0430\u043b\u044c\u043d\u043e\u0441\u0442\u0438 \u0432\u0441\u0451 \u043d\u0435 \u0442\u043e", "score": 2}}, {"model": "reviews.review", "pk": 47, "fields": {"title": 19, "author": 101, "pub_date": "2022-07-19T09:19:45.705Z", "text": "\u041d\u0435\u043f\u0440\u0430\u0432\u0434\u043e\u043f\u043e\u0434\u043e\u0431\u043d\u044b\u0439, \u043d\u0435\u043b\u043e\u0433\u0438\u0447\u043d\u044b\u0439, \u0431\u0435\u0441\u0441\u043c\u044b\u0441\u043b\u0435\u043d\u043d\u044b\u0439 \u0444\u0438\u043b\u044c\u043c. \u041f\u0440\u043e\u0441\u0442\u043e \u043d\u0438\u043a\u0430\u043a\u043e\u0439, \u043c\u043e\u0436\u0435\u0442\u0435 \u0434\u0430\u0436\u0435 \u043d\u0435 \u0441\u043c\u043e\u0442\u0440\u0435\u0442\u044c, \u0441\u0443\u0442\u0438 \u043d\u0435 \u0443\u043b\u043e\u0432\u0438\u0442\u0435. \u041c\u043d\u0435 \u043f\u043e\u043d\u0440\u0430\u0432\u0438\u043b\u0441\u044f", "score": 10}}, {"model": "reviews.review", "pk": 48, "fields": {"title": 19, "author": 102, "pub_date": "2022-07-19T09:19:45.708Z", "text": "\u0418\u043d\u0442\u0435\u0440\u0435\u0441\u043d\u043e \u043f\u0440\u043e\u0434\u0443\u043c\u0430\u043d\u043d\u044b\u0439 \u0444\u0438\u043b\u044c\u043c, \u0446\u0435\u043f\u043b\u044f\u0435\u0442 \u043d\u0435\u043e\u0431\u044b\u0447\u043d\u044b\u043c \u0441\u044e\u0436\u0435\u0442\u043e\u043c. \u0434\u043b\u0438\u043d\u043d\u044b\u0439, \u0447\u0442\u043e \u0431\u044b\u0432\u0430\u0435\u0442 \u043d\u0435 \u0432\u043e \u0432\u0441\u0435\u0445 \u0444\u0438\u043b\u044c\u043c\u0430\u0445. \u0410\u043a\u0442\u0451\u0440\u044b \u043a\u0440\u0443\u0442\u044b\u0435. \u0412 \u043e\u0431\u0449\u0435\u043c, \u043f\u043e\u0441\u043c\u043e\u0442\u0440\u0435\u0442\u044c \u043c\u043e\u0436\u043d\u043e.", "score": 8}}, {"model": "reviews.review", "pk": 49, "fields": {"title": 20, "author": 103, "pub_date": "2022-07-19T09:19:45.711Z", "text": "\u0412\u043d\u0438\u043c\u0430\u0442\u0435\u043b\u044c\u043d\u043e \u0441\u043b\u0435\u0436\u0443 \u0437\u0430 \u0432\u0441\u0435\u043c\u0438 \u043d\u043e\u0432\u044b\u043c\u0438 \u0438\u0437\u0434\u0430\u043d\u0438\u044f\u043c\u0438, \u043f\u043e\u043a\u0443\u043f\u0430\u044e \u043a\u0430\u0436\u0434\u043e\u0435. \u041b\u0443\u0447\u0448\u0438\u0439 \u0442\u0440\u0438\u043b\u043b\u0435\u0440 \u0442\u044b\u0441\u044f\u0447\u0435\u043b\u0435\u0442\u0438\u044f \u2014 \u044d\u0442\u043e \u00ab\u041a\u043e\u043b\u043e\u0431\u043e\u043a\u00bb", "score": 10}}, {"model": "reviews.review", "pk": 50, "fields": {"title": 20, "author": 104, "pub_date": "2022-07-19T09:19:45.714Z", "text": "\u0410 \u0432\u043e\u0442 \u0443 \u043a\u0438\u043f\u0447\u0430\u043a\u043e\u0432 \u00ab\u043a\u043e\u043b\u043e\u0431\u043e\u043a\u00bb \u2014 \u0448\u0430\u0440\u0438\u043a \u0438\u0437 \u043d\u0430\u0432\u043e\u0437\u0430! \u0418 \u0441\u043a\u0430\u0437\u043a\u0430 \u043f\u0440\u0438\u043e\u0431\u0440\u0435\u0442\u0430\u0435\u0442 \u0441\u043e\u0432\u0441\u0435\u043c \u0434\u0440\u0443\u0433\u043e\u0439 \u0441\u043c\u044b\u0441\u043b! \u00ab\u041d\u0435 \u0445\u0438\u0442\u0440\u0438, \u0430 \u0442\u043e \u043d\u0430\u0432\u043e\u0437\u0430 \u043d\u0430\u043a\u0443\u0448\u0430\u0435\u0448\u044c\u0441\u044f!\u00bb", "score": 10}}, {"model": "reviews.review", "pk": 51, "fields": {"title": 21, "author": 100, "pub_date": "2022-07-19T09:19:45.717Z", "text": "\u041f\u0440\u043e\u0447\u043b\u0430 \u043e\u0442 \u043d\u0430\u0447\u0430\u043b\u0430 \u0434\u043e \u043a\u043e\u043d\u0446\u0430, \u043d\u0435 \u043e\u0442\u0440\u044b\u0432\u0430\u044f\u0441\u044c. \u0423\u0436\u0430\u0441\u043d\u0430\u044f \u043a\u043d\u0438\u0433\u0430, \u0447\u0435\u043c\u0443 \u043e\u043d\u0430 \u043c\u043e\u0436\u0435\u0442 \u043d\u0430\u0443\u0447\u0438\u0442\u044c \u043d\u0430\u0448\u0443 \u043c\u043e\u043b\u043e\u0434\u0451\u0436\u044c.", "score": 1}}, {"model": "reviews.review", "pk": 52, "fields": {"title": 21, "author": 101, "pub_date": "2022-07-19T09:19:45.720Z", "text": "\u0421\u0443\u0440\u043e\u0432\u044b\u0435 \u0430\u043c\u0435\u0440\u0438\u043a\u0430\u043d\u0441\u043a\u0438\u0435 \u0441\u0435\u043c\u0438\u0434\u0435\u0441\u044f\u0442\u044b\u0435 \u0432 \u0434\u043e\u043a\u0443\u043c\u0435\u043d\u0442\u0430\u043b\u044c\u043d\u043e\u043c \u0438\u0437\u043b\u043e\u0436\u0435\u043d\u0438\u0438. \u041a\u0430\u043a \u0430\u0432\u0442\u043e\u0440 \u0434\u043e\u0436\u0438\u043b \u0434\u043e 2005-\u0433\u043e \u0433\u043e\u0434\u0430 \u2014 \u0437\u0430\u0433\u0430\u0434\u043a\u0430. \u041d\u043e \u0440\u043e\u043c\u0430\u043d \u043f\u0440\u0435\u043a\u0440\u0430\u0441\u043d\u044b\u0439.", "score": 10}}, {"model": "reviews.review", "pk": 53, "fields": {"title": 22, "author": 102, "pub_date": "2022-07-19T09:19:45.723Z", "text": "\u041c\u043d\u043e\u0433\u0430\u0431\u0443\u043a\u0443\u0444. \u041d\u0438\u0430\u0441\u0438\u043b\u0438\u043b. \u0412 \u0430\u043d\u043d\u043e\u0442\u0430\u0446\u0438\u0438 \u043d\u0430\u043f\u0438\u0441\u0430\u043d\u043e \u2014 \u00ab\u0432\u0435\u043b\u0438\u043a\u0438\u0439 \u0440\u043e\u043c\u0430\u043d\u00bb, \u0442\u0430\u043a \u0447\u0442\u043e \u0441\u0442\u0430\u0432\u043b\u044e \u043c\u0430\u043a\u0441\u0438\u043c\u0430\u043b\u044c\u043d\u0443\u044e \u043e\u0446\u0435\u043d\u043a\u0443", "score": 10}}, {"model": "reviews.review", "pk": 54, "fields": {"title": 22, "author": 103, "pub_date": "2022-07-19T09:19:45.726Z", "text": "\u0415\u0441\u043b\u0438 \u0442\u0430\u043a\u043e\u0439 \u0436\u0430\u043d\u0440 \u0432\u0430\u043c \u043f\u043e \u0432\u043a\u0443\u0441\u0443, \u0442\u043e \u0434\u0430\u0436\u0435 \u043d\u0435 \u0441\u043e\u043c\u043d\u0435\u0432\u0430\u0439\u0442\u0435\u0441\u044c: \u0441\u0430\u0434\u0438\u0442\u0435\u0441\u044c \u0447\u0438\u0442\u0430\u0442\u044c! \u0420\u043e\u043c\u0430\u043d - \u043e\u0433\u043e\u043d\u044c! \u0418\u043d\u0442\u0435\u0440\u0435\u0441\u043d\u044b\u0439 \u0441\u044e\u0436\u0435\u0442, \u0432\u0435\u043b\u0438\u043a\u043e\u043b\u0435\u043f\u043d\u044b\u0435 \u043f\u0435\u0440\u0441\u043e\u043d\u0430\u0436\u0438, \u043d\u0435\u0431\u043e \u0410\u0443\u0441\u0442\u0435\u0440\u043b\u0438\u0446\u0430 \u0438 \u0432\u0441\u0442\u0440\u0435\u0447\u0430 \u0441 \u0434\u0443\u0431\u043e\u043c", "score": 10}}, {"model": "reviews.review", "pk": 55, "fields": {"title": 22, "author": 104, "pub_date": "2022-07-19T09:19:45.729Z", "text": "\u042f \u0412\u0438\u041c \u0432 \u0448\u043a\u043e\u043b\u0435 \u0447\u0438\u0442\u0430\u043b (\u0437\u0430\u0441\u0442\u0430\u0432\u043b\u044f\u043b\u0438), \u0430 \u043f\u043e\u0442\u043e\u043c \u043e\u043f\u044f\u0442\u044c \u0441\u043b\u0443\u0447\u0430\u0439\u043d\u043e \u043f\u0440\u043e\u0447\u0451\u043b, \u0438 \u043e\u043a\u0430\u0437\u0430\u043b\u043e\u0441\u044c, \u0447\u0442\u043e \u043e\u043d \u0438 \u043f\u0440\u0430\u0432\u043b\u0430 \u0432\u0435\u043b\u0438\u043a\u0438\u0439, \u0430 \u043d\u0435 \u043f\u0440\u043e\u0441\u0442\u043e \u0442\u0430\u043a. \u041d\u0435 \u0441\u0442\u0430\u0432\u043b\u044e \u0434\u0435\u0441\u044f\u0442\u043a\u0443 \u0442\u043e\u043b\u044c\u043a\u043e \u0432 \u043f\u0430\u043c\u044f\u0442\u044c \u043e \u0448\u043a\u043e\u043b\u044c\u043d\u044b\u0445 \u043c\u0443\u0447\u0435\u043d\u0438\u044f\u0445", "score": 8}}, {"model": "reviews.review", "pk": 56, "fields": {"title": 23, "author": 100, "pub_date": "2022-07-19T09:19:45.732Z", "text": "\u041d\u0438\u0447\u0435\u0433\u043e \u043d\u0435 \u043f\u043e\u043d\u044f\u043b", "score": 3}}, {"model": "reviews.review", "pk": 57, "fields": {"title": 23, "author": 101, "pub_date": "2022-07-19T09:19:45.735Z", "text": "\u041d\u0435 \u043f\u043e\u043d\u044f\u043b \u0432\u043e\u043e\u0431\u0449\u0435 \u043d\u0438\u0447\u0435\u0433\u043e", "score": 1}}, {"model": "reviews.review", "pk": 58, "fields": {"title": 23, "author": 102, "pub_date": "2022-07-19T09:19:45.738Z", "text": "\u0421\u043e\u0432\u0441\u0435\u043c \u043d\u0435\u043f\u043e\u043d\u044f\u0442\u043d\u043e, \u043d\u043e \u0437\u0434\u043e\u0440\u043e\u0432\u043e", "score": 8}}, {"model": "reviews.review", "pk": 59, "fields": {"title": 23, "author": 103, "pub_date": "2022-07-19T09:19:45.742Z", "text": "\u0427\u0442\u043e \u044d\u0442\u043e \u0431\u044b\u043b\u043e?! \u0414\u0435\u0441\u044f\u0442\u043a\u0430 \u0437\u0430 \u0443\u0440\u043e\u0432\u0435\u043d\u044c \u043d\u0435\u043f\u043e\u043d\u044f\u0442\u043d\u043e\u0441\u0442\u0438", "score": 10}}, {"model": "reviews.review", "pk": 60, "fields": {"title": 23, "author": 104, "pub_date": "2022-07-19T09:19:45.745Z", "text": "\u0414\u0435\u0442\u0430\u043b\u044c\u043d\u043e \u043a\u043e\u043c\u043c\u0435\u043d\u0442\u0438\u0440\u043e\u0432\u0430\u0442\u044c \u043d\u0435 \u0431\u0443\u0434\u0443, \u043d\u043e \u044d\u0442\u043e \u0448\u0435\u0434\u0435\u0432\u0440", "score": 10}}, {"model": "reviews.review", "pk": 63, "fields": {"title": 24, "author": 102, "pub_date": "2022-07-19T09:19:45.747Z", "text": "\u041d\u0435 \u043c\u043e\u0436\u0435\u0442 \u0431\u044b\u0442\u044c \u0442\u0430\u043a\u043e\u0433\u043e. \u042d\u0442\u043e \u0432\u0441\u0451 \u043f\u0440\u0438\u0434\u0443\u043c\u0430\u043d\u043e, \u0430\u0432\u0442\u043e\u0440 \u043f\u043e\u043f\u044b\u0442\u0430\u043b\u0441\u044f \u043e\u0431\u043c\u0430\u043d\u0443\u0442\u044c \u0447\u0438\u0442\u0430\u0442\u0435\u043b\u044f, \u043d\u043e \u043c\u044b, \u0447\u0438\u0442\u0430\u0442\u0435\u043b\u0438, \u0443\u043c\u043d\u0435\u0435 \u0435\u0433\u043e. \u041d\u0430\u0441 \u0432\u043e\u043a\u0440\u0443\u0433 \u043f\u0430\u043b\u044c\u0446\u0430 \u043d\u0435 \u043e\u0431\u0432\u0435\u0434\u0451\u0448\u044c!!", "score": 2}}, {"model": "reviews.review", "pk": 64, "fields": {"title": 24, "author": 103, "pub_date": "2022-07-19T09:19:45.750Z", "text": "\u0412\u0441\u0451 \u0441\u043e\u0432\u0435\u0440\u0448\u0435\u043d\u043d\u043e \u043d\u0435 \u0442\u0430\u043a, \u043a\u0430\u043a \u043d\u0430 \u0441\u0430\u043c\u043e\u043c \u0434\u0435\u043b\u0435, \u0438 \u0432 \u0434\u043e\u043a\u0443\u043c\u0435\u043d\u0442\u0430\u043b\u044c\u043d\u043e\u0439 \u043f\u043e\u0432\u0435\u0441\u0442\u0438 \u044d\u0442\u043e \u0445\u043e\u0440\u043e\u0448\u043e \u043e\u043f\u0438\u0441\u0430\u043d\u043e", "score": 9}}, {"model": "reviews.review", "pk": 65, "fields": {"title": 25, "author": 104, "pub_date": "2022-07-19T09:19:45.756Z", "text": "\u0415\u0441\u043b\u0438 \u0431\u044b \u044f \u0442\u043e\u043b\u044c\u043a\u043e \u043c\u043e\u0433 \u043d\u0430 \u043c\u0438\u043d\u0443\u0442\u043a\u0443 \u043f\u0435\u0440\u0435\u0441\u0442\u0430\u0442\u044c \u0431\u0443\u043c\u043a\u0430\u0442\u044c \u0433\u043e\u043b\u043e\u0432\u043e\u0439 \u043f\u043e \u0441\u0442\u0443\u043f\u0435\u043d\u044c\u043a\u0430\u043c \u0438 \u043a\u0430\u043a \u0441\u043b\u0435\u0434\u0443\u0435\u0442 \u0441\u043e\u0441\u0440\u0435\u0434\u043e\u0442\u043e\u0447\u0438\u0442\u044c\u0441\u044f \u2014 \u044f \u0431\u044b \u043d\u0430\u043f\u0438\u0441\u0430\u043b \u043f\u0440\u0435\u043a\u0440\u0430\u0441\u043d\u044b\u0439 \u043e\u0442\u0437\u044b\u0432. \u041d\u043e \u0443\u0432\u044b \u2014 \u0441\u043e\u0441\u0440\u0435\u0434\u043e\u0442\u043e\u0447\u0438\u0442\u044c\u0441\u044f-\u0442\u043e \u043c\u043d\u0435 \u0438 \u043d\u0435\u043a\u043e\u0433\u0434\u0430: \u0443\u0447\u0451\u0431\u0430, \u0440\u0430\u0431\u043e\u0442\u0430. \u041f\u0440\u043e\u0441\u0442\u043e \u043f\u043e\u0441\u0442\u0430\u0432\u043b\u044e \u043f\u044f\u0442\u0451\u0440\u043a\u0443", "score": 10}}, {"model": "reviews.review", "pk": 66, "fields": {"title": 25, "author": 100, "pub_date": "2022-07-19T09:19:45.753Z", "text": "\u042d\u0442\u043e \u043f\u0440\u043e\u0441\u0442\u043e \u00ab\u0412\u043e\u0439\u043d\u0430 \u0438 \u043c\u0438\u0440\u00bb \u0434\u043b\u044f \u0434\u0435\u0442\u0435\u0439. \u0427\u0438\u0442\u0430\u0442\u044c \u0432\u0441\u0435\u043c", "score": 10}}, {"model": "reviews.review", "pk": 67, "fields": {"title": 26, "author": 101, "pub_date": "2022-07-19T09:19:45.759Z", "text": "\u0421\u043b\u0443\u0448\u0430\u044e \u0438 \u043f\u043b\u0430\u0447\u0443. \u041f\u043b\u0430\u0447\u0443, \u043d\u043e \u0441\u043b\u0443\u0448\u0430\u044e", "score": 10}}, {"model": "reviews.review", "pk": 68, "fields": {"title": 27, "author": 102, "pub_date": "2022-07-19T09:19:45.762Z", "text": "\u041a\u0430\u043a\u043e\u0439-\u0442\u043e \u043d\u0435\u043f\u043e\u043d\u044f\u0442\u043d\u044b\u0439 \u0448\u0443\u043c. \u041d\u0435\u0443\u0436\u0435\u043b\u0438 \u044d\u0442\u043e \u043a\u0442\u043e-\u0442\u043e \u0441\u043b\u0443\u0448\u0430\u0435\u0442?", "score": 1}}, {"model": "reviews.review", "pk": 69, "fields": {"title": 27, "author": 103, "pub_date": "2022-07-19T09:19:45.765Z", "text": "\u041d\u0438\u0447\u0435\u0433\u043e \u043d\u0435 \u043f\u043e\u043d\u044f\u0442\u043d\u043e. \u041e \u0447\u0451\u043c \u044d\u0442\u0430 \u043f\u0435\u0441\u043d\u044f, \u0447\u0435\u043c\u0443 \u043e\u043d\u0430 \u0443\u0447\u0438\u0442?", "score": 2}}, {"model": "reviews.review", "pk": 70, "fields": {"title": 28, "author": 104, "pub_date": "2022-07-19T09:19:45.771Z", "text": "\u0419\u044d\u043d \u0410\u043d\u0434\u0435\u0440\u0441\u043e\u043d \u0432\u0435\u043b\u0438\u043a\u0438\u0439!!!!!!!!1111", "score": 10}}, {"model": "reviews.review", "pk": 71, "fields": {"title": 28, "author": 100, "pub_date": "2022-07-19T09:19:45.768Z", "text": "\u041d\u0435\u0443\u0436\u0435\u043b\u0438 \u043f\u0435\u0441\u043d\u044e \u043f\u0440\u043e \u0430\u043a\u0432\u0430\u043b\u0430\u043d\u0433\u0438\u0441\u0442\u043e\u0432 \u043f\u0435\u0440\u0435\u0432\u0435\u043b\u0438 \u043d\u0430 \u0430\u043d\u0433\u043b\u0438\u0439\u0441\u043a\u0438\u0439?! \u041d\u0443 \u043d\u0430\u043a\u043e\u043d\u0435\u0446-\u0442\u043e! \u0410\u043a\u0432\u0430\u043b\u0430\u043d\u0433\u0438\u0441\u0442\u044b \u2014 \u044d\u0442\u043e \u0445\u043e\u0440\u043e\u0448\u043e!", "score": 10}}, {"model": "reviews.review", "pk": 72, "fields": {"title": 29, "author": 101, "pub_date": "2022-07-19T09:19:45.774Z", "text": "\u041c\u044b \u043f\u0440\u044b\u0433\u0430\u043b\u0438, \u0432\u0435\u0440\u0442\u0435\u043b\u0438\u0441\u044c \u0438 \u043a\u0440\u0443\u0436\u0438\u043b\u0438\u0441\u044c \u0442\u0430\u043a, \u0447\u0442\u043e \u043f\u043e\u043b \u0445\u043e\u0434\u0438\u043b \u0445\u043e\u0434\u0443\u043d\u043e\u043c!", "score": 10}}, {"model": "reviews.review", "pk": 73, "fields": {"title": 30, "author": 104, "pub_date": "2022-07-19T09:19:45.777Z", "text": "\u042d\u0442\u043e \u0435\u0434\u0438\u043d\u0441\u0442\u0432\u0435\u043d\u043d\u044b\u0439 \u0440\u0438\u0444, \u043a\u043e\u0442\u043e\u0440\u044b\u0439 \u044f \u0443\u043c\u0435\u044e \u0438\u0433\u0440\u0430\u0442\u044c \u043d\u0430 \u0441\u0432\u043e\u0435\u0439 \u0441\u0443\u043f\u0435\u0440\u0434\u043e\u0440\u043e\u0433\u043e\u0439 \u0433\u0438\u0442\u0430\u0440\u0435! \u041c\u043e\u044f \u043b\u044e\u0431\u0438\u043c\u0430\u044f \u043f\u0435\u0441\u043d\u044f", "score": 10}}, {"model": "reviews.review", "pk": 74, "fields": {"title": 31, "author": 100, "pub_date": "2022-07-19T09:19:45.780Z", "text": "\u0421\u0442\u0440\u0430\u043d\u043d\u043e: \u041c\u043e\u0446\u0430\u0440\u0442 - \u0430\u0432\u0441\u0442\u0440\u0438\u0435\u0446, \u0430 \u043c\u0430\u0440\u0448 - \u0442\u0443\u0440\u0435\u0446\u043a\u0438\u0439. \u041d\u0435 \u043f\u043e\u043d\u0438\u043c\u0430\u044e, \u043a\u0430\u043a \u0442\u0430\u043a \u0432\u044b\u0448\u043b\u043e. \u0417\u0432\u0443\u0447\u0438\u0442 \u043a\u0440\u0430\u0441\u0438\u0432\u043e, \u043d\u043e \u0437\u0430 \u0433\u0435\u043e\u0433\u0440\u0430\u0444\u0438\u0447\u0435\u0441\u043a\u0443\u044e \u043f\u0443\u0442\u0430\u043d\u0438\u0446\u0443 \u0441\u0442\u0430\u0432\u043b\u044e \u0432\u043e\u0441\u0435\u043c\u044c", "score": 8}}, {"model": "reviews.review", "pk": 75, "fields": {"title": 32, "author": 102, "pub_date": "2022-07-19T09:19:45.783Z", "text": "\u0411\u0430\u0445 forever. \u042d\u0442\u043e \u0432\u0430\u043c \u043d\u0435 \u0442\u0440\u0438 \u0430\u043a\u043a\u043e\u0440\u0434\u0430 \u043d\u0430 \u0433\u0438\u0442\u0430\u0440\u0435, \u043a\u0430\u043a \u0443 \u0441\u043c\u043e\u043a \u043e\u043d \u0437\u0435 \u0432\u043e\u0442\u0435\u0440", "score": 10}}, {"model": "reviews.comment", "pk": 1, "fields": {"text": "\u041d\u0438\u0447\u0435\u0433\u043e \u043f\u043e\u0434\u043e\u0431\u043d\u043e\u0433\u043e, \u0432 \u0444\u0438\u043b\u044c\u043c\u0435 \u0432\u0441\u0451 \u043d\u0435 \u0442\u0430\u043a, \u0438 \u043f\u0440\u043e\u0433\u0440\u0430\u043c\u043c\u0438\u0440\u043e\u0432\u0430\u043d\u0438\u0435 \u0442\u0443\u0442 \u0432\u043e\u043e\u0431\u0449\u0435 \u043d\u0438 \u043f\u0440\u0438 \u0447\u0451\u043c!", "pub_date": "2022-07-19T09:19:45.787Z", "author": 102, "review": 6}}, {"model": "reviews.comment", "pk": 2, "fields": {"text": "\u041d\u0443 \u043d\u0430\u0434\u043e \u0436\u0435, \u043d\u0435 \u043d\u0430\u0448\u043b\u043e\u0441\u044c \u043d\u0438\u0447\u0435\u0433\u043e \u043b\u0443\u0447\u0448\u0435\u0433\u043e, \u043a\u0440\u043e\u043c\u0435 \u043a\u0430\u043a \u043f\u0440\u043e\u043a\u043e\u043c\u043c\u0435\u043d\u0442\u0438\u0440\u043e\u0432\u0430\u0442\u044c \u0440\u0430\u0437\u0433\u043e\u0432\u043e\u0440 \u043f\u0440\u043e \u0433\u0430\u043c\u0431\u0443\u0440\u0433\u0435\u0440\u044b, \u0431\u0443\u0434\u0442\u043e \u0432 \u0444\u0438\u043b\u044c\u043c\u0435 \u043d\u0438\u0447\u0435\u0433\u043e \u0432\u0430\u0436\u043d\u0435\u0435 \u044d\u0442\u043e\u0433\u043e \u043d\u0435\u0442", "pub_date": "2022-07-19T09:19:45.790Z", "author": 101, "review": 6}}, {"model": "reviews.comment", "pk": 3, "fields": {"text": "\u041a\u0441\u0442\u0430\u0442\u0438, \u0430 \u0447\u0442\u043e \u0442\u0430\u043a\u043e\u0435 \"\u0447\u0435\u0442\u0432\u0435\u0440\u0442\u044c \u0444\u0443\u043d\u0442\u0430\"? \u0412 \u0433\u0440\u0430\u043c\u043c\u0430\u0445 \u044d\u0442\u043e \u0441\u043a\u043e\u043b\u044c\u043a\u043e?", "pub_date": "2022-07-19T09:19:45.793Z", "author": 103, "review": 6}}]
